SVOZONEOID,T_ZONE,T_ZONTXT,T_KAT,T_KATTXT,T_LABEL,T_LABTXT,P_LABEL,P_LABTXT,P_SPEZ,P_HM_NAT,P_FM_NAT,P_PREC_C,P_PREC_T,T_SZIEL,T_SMASSN,OBJ_NR,OBJ_NAM,P_BFS,P_GEM,P_BEZIRK,E_OBJID,E_KURZTI,E_TITEL,E_DATUM,E_NR,E_TYP,E_VNAM,E_PUBL,E_URL,AREAM2,LENGTH,SHAPE.AREA,SHAPE.LEN
5789,IIIB,Landschaftsschutzzone IIIB,III,Landschaftsschutzzone,,,,,,,,AV,,Langfristige Erhaltung eines biologisch und landschaftlich wervollen Zustandes sowie als prägendes Landschaftselement,Alle Veränderungen in der Landschaft sind Bewilligungspflichtig.,,,248,Uitikon,Dietikon,238,SVO Uetliberg,"Verordnung zum Schutz des Uetliberg-Albis, Teilgebiet Uetliberg Nord (Natur- und Landschaftsschutzgebiet mit überkommunaler Bedeutung in den Gemeinden Stallikon, Uitikon und der Stadt Zürich",20170117,17006,Schutzverordnung,,2017/182671,http://www.maps.zh.ch/system/docs/aln_fns/svo_zh/SVO_Uetliberg.pdf,11413,463.5,11413.01099964,463.471646300369
3970,IVA,Waldschutzzone IVA,IV,Waldschutzzone,,,,,,,850,AV,,Langfristige Erhaltung standortgemässer Waldgesellschaften - schutzwürdiger Waldformen und -typen sowie stufig aufgebauter Waldränder,Wald im Sinne der Schutzziele gemäss Pflegeplan nutzen oder pflegen;ökologisch wertvolle Übergänge von Wald und Naturschutzzonen schaffen; isolierte waldfreie Naturschutzzonen verbinden,3,Katzenseen,96,Regensdorf,Dielsdorf,138,Katzenseen,"Verordnung über den Schutz der Katzenseen Schutz von Natur- und Landschaftsschutzgebieten mit überkommunaler Bedeutung in Regensdorf, Rümlang und Zürich",20031216,3062,Schutzverordnung,,06.02.2004,http://www.maps.zh.ch/system/docs/aln_fns/svo_zh/SVO_Katzensee_Regensdorf_Ruemlang_Zuerich.pdf,5224.1,313.1,5224.129518135,313.06470603879103
3980,IVA,Waldschutzzone IVA,IV,Waldschutzzone,,,,,,,850,AV,,Langfristige Erhaltung standortgemässer Waldgesellschaften - schutzwürdiger Waldformen und -typen sowie stufig aufgebauter Waldränder,Wald im Sinne der Schutzziele gemäss Pflegeplan nutzen oder pflegen;ökologisch wertvolle Übergänge von Wald und Naturschutzzonen schaffen; isolierte waldfreie Naturschutzzonen verbinden,2,Hänsiried,261,Zürich,Zürich,138,Katzenseen,"Verordnung über den Schutz der Katzenseen Schutz von Natur- und Landschaftsschutzgebieten mit überkommunaler Bedeutung in Regensdorf, Rümlang und Zürich",20031216,3062,Schutzverordnung,,06.02.2004,http://www.maps.zh.ch/system/docs/aln_fns/svo_zh/SVO_Katzensee_Regensdorf_Ruemlang_Zuerich.pdf,593.4,115.3,593.359606375,115.34322368762301
3943,I,Naturschutzzone I,I,Naturschutzzone,,,,,,,,AV,,Erhaltung der schutzwürdigen Gebiete als Lebensraum seltener und gefährdeter Tier- und Pflanzenarten und -gemeinschaften,Beweidungsverbot;keine Düngung; keine Veränderungen des Wasserhaushaltes; Vorgaben zum Schnitttermin; Vorgaben zum Umgang mit bestehenden Gehölzen; Einschränkung des Begehens; Leinenzwang für Hunde.,2,Hänsiried,96,Regensdorf,Dielsdorf,138,Katzenseen,"Verordnung über den Schutz der Katzenseen Schutz von Natur- und Landschaftsschutzgebieten mit überkommunaler Bedeutung in Regensdorf, Rümlang und Zürich",20031216,3062,Schutzverordnung,,06.02.2004,http://www.maps.zh.ch/system/docs/aln_fns/svo_zh/SVO_Katzensee_Regensdorf_Ruemlang_Zuerich.pdf,5438,309.40000000000003,5437.95523955,309.440986760754
3937,I,Naturschutzzone I,I,Naturschutzzone,,,,,,,,AV,,Erhaltung der schutzwürdigen Gebiete als Lebensraum seltener und gefährdeter Tier- und Pflanzenarten und -gemeinschaften,Beweidungsverbot;keine Düngung; keine Veränderungen des Wasserhaushaltes; Vorgaben zum Schnitttermin; Vorgaben zum Umgang mit bestehenden Gehölzen; Einschränkung des Begehens; Leinenzwang für Hunde.,3,Katzenseen,261,Zürich,Zürich,138,Katzenseen,"Verordnung über den Schutz der Katzenseen Schutz von Natur- und Landschaftsschutzgebieten mit überkommunaler Bedeutung in Regensdorf, Rümlang und Zürich",20031216,3062,Schutzverordnung,,06.02.2004,http://www.maps.zh.ch/system/docs/aln_fns/svo_zh/SVO_Katzensee_Regensdorf_Ruemlang_Zuerich.pdf,929.3000000000001,167.20000000000002,929.258183225,167.166217123552
5291,IIA,Naturschutzumgebungszone IIA,II,Naturschutzumgebungszone,,,,,,,849,AV,,Sicherung der Naturschutzzone vor unerwünschten Einwirkungen,Beweidungsverbot;keine Düngung; keine Veränderungen des Wasserhaushaltes; Vorgaben zum Schnitttermin; Vorgaben zum Umgang mit bestehenden Gehölzen; Leinenzwang für Hunde.,3,Katzenseen,96,Regensdorf,Dielsdorf,219,Katzenseen (Änderung),Verordnung über den Schutz der Katzenseen (Änderung),20140312,14022,Einzelverfügung,,2014/65075,http://www.maps.zh.ch/system/docs/aln_fns/svo_zh/SVO_Katzensee_Aenderung_2014.pdf,52988.9,1436.9,52988.87621551,1436.90395090773
2288,VIB,Erholungszone VIB,VI,Erholungszone,,,,,,99,,AV,,Diese Zone dient der Erholung - soweit diese mit dem Schutz des Gebietes vereinbar ist.,-,3,Katzenseen,261,Zürich,Zürich,138,Katzenseen,"Verordnung über den Schutz der Katzenseen Schutz von Natur- und Landschaftsschutzgebieten mit überkommunaler Bedeutung in Regensdorf, Rümlang und Zürich",20031216,3062,Schutzverordnung,,06.02.2004,http://www.maps.zh.ch/system/docs/aln_fns/svo_zh/SVO_Katzensee_Regensdorf_Ruemlang_Zuerich.pdf,6174.8,353.3,6174.827897095,353.311315030022
2282,IVL,Waldschutzzone IVL,IV,Waldschutzzone,,,,,,,,AV,,Biologisch und landschaftlich wertvolle Elemente erhalten - Rücksicht auf Landschaftsbild nehmen.,Erratische Blöcke und andere geomorphologische Objekte erhalten; Bäche nicht verbauen,102,Landschaftsschutzgebiet,261,Zürich,Zürich,138,Katzenseen,"Verordnung über den Schutz der Katzenseen Schutz von Natur- und Landschaftsschutzgebieten mit überkommunaler Bedeutung in Regensdorf, Rümlang und Zürich",20031216,3062,Schutzverordnung,,06.02.2004,http://www.maps.zh.ch/system/docs/aln_fns/svo_zh/SVO_Katzensee_Regensdorf_Ruemlang_Zuerich.pdf,105403,2037.1000000000001,105402.99919965501,2037.10920573108
5853,IIIB,Landschaftsschutzzone IIIB,III,Landschaftsschutzzone,,,,,,,,,,Langfristige Erhaltung eines biologisch und landschaftlich wervollen Zustandes sowie als prägendes Landschaftselement,Alle Veränderungen in der Landschaft sind Bewilligungspflichtig.,,,261,Zürich,Zürich,238,SVO Uetliberg,"Verordnung zum Schutz des Uetliberg-Albis, Teilgebiet Uetliberg Nord (Natur- und Landschaftsschutzgebiet mit überkommunaler Bedeutung in den Gemeinden Stallikon, Uitikon und der Stadt Zürich",20170117,17006,Schutzverordnung,,2017/182671,http://www.maps.zh.ch/system/docs/aln_fns/svo_zh/SVO_Uetliberg.pdf,68649.3,2055,68649.29900586,2055.02393317053
5878,IIIB,Landschaftsschutzzone IIIB,III,Landschaftsschutzzone,,,,,,,,,,Langfristige Erhaltung eines biologisch und landschaftlich wervollen Zustandes sowie als prägendes Landschaftselement,Alle Veränderungen in der Landschaft sind Bewilligungspflichtig.,ZH 9,"Albisgüetli, Magerwiese wechseltrocken",261,Zürich,Zürich,238,SVO Uetliberg,"Verordnung zum Schutz des Uetliberg-Albis, Teilgebiet Uetliberg Nord (Natur- und Landschaftsschutzgebiet mit überkommunaler Bedeutung in den Gemeinden Stallikon, Uitikon und der Stadt Zürich",20170117,17006,Schutzverordnung,,2017/182671,http://www.maps.zh.ch/system/docs/aln_fns/svo_zh/SVO_Uetliberg.pdf,69017.8,1726.1000000000001,69017.7943123,1726.0917465857901
2336,I,Naturschutzzone I,I,Naturschutzzone,,,,,,,,AV,,Erhaltung der schutzwürdigen Gebiete als Lebensraum seltener und gefährdeter Tier- und Pflanzenarten und -gemeinschaften,Beweidungsverbot;keine Düngung; keine Veränderungen des Wasserhaushaltes; Vorgaben zum Schnitttermin; Vorgaben zum Umgang mit bestehenden Gehölzen; Einschränkung des Begehens; Leinenzwang für Hunde.,3,Katzenseen,261,Zürich,Zürich,138,Katzenseen,"Verordnung über den Schutz der Katzenseen Schutz von Natur- und Landschaftsschutzgebieten mit überkommunaler Bedeutung in Regensdorf, Rümlang und Zürich",20031216,3062,Schutzverordnung,,06.02.2004,http://www.maps.zh.ch/system/docs/aln_fns/svo_zh/SVO_Katzensee_Regensdorf_Ruemlang_Zuerich.pdf,596.9,194.70000000000002,596.8507839,194.720335080887
5829,IVA,Waldschutzzone IVA,IV,Waldschutzzone,,,,,,,,,,Langfristige Erhaltung standortgemässer Waldgesellschaften - schutzwürdiger Waldformen und -typen sowie stufig aufgebauter Waldränder,Wald im Sinne der Schutzziele gemäss Pflegeplan nutzen oder pflegen;ökologisch wertvolle Übergänge von Wald und Naturschutzzonen schaffen; isolierte waldfreie Naturschutzzonen verbinden,ZH 12,"Allmend Brunau, Riedwiese, Magerwiese, Gewässer",261,Zürich,Zürich,238,SVO Uetliberg,"Verordnung zum Schutz des Uetliberg-Albis, Teilgebiet Uetliberg Nord (Natur- und Landschaftsschutzgebiet mit überkommunaler Bedeutung in den Gemeinden Stallikon, Uitikon und der Stadt Zürich",20170117,17006,Schutzverordnung,,2017/182671,http://www.maps.zh.ch/system/docs/aln_fns/svo_zh/SVO_Uetliberg.pdf,2406.6,266.1,2406.622995025,266.117713261606
5706,IVL,Waldschutzzone IVL,IV,Waldschutzzone,,,,,,,,AV,,Biologisch und landschaftlich wertvolle Elemente erhalten - Rücksicht auf Landschaftsbild nehmen.,Erratische Blöcke und andere geomorphologische Objekte erhalten; Bäche nicht verbauen,,,13,Stallikon,Affoltern am Albis,238,SVO Uetliberg,"Verordnung zum Schutz des Uetliberg-Albis, Teilgebiet Uetliberg Nord (Natur- und Landschaftsschutzgebiet mit überkommunaler Bedeutung in den Gemeinden Stallikon, Uitikon und der Stadt Zürich",20170117,17006,Schutzverordnung,,2017/182671,http://www.maps.zh.ch/system/docs/aln_fns/svo_zh/SVO_Uetliberg.pdf,4308819.2,48557.200000000004,4308819.16598646,48557.235420274104
1869,IVA,Waldschutzzone IVA,IV,Waldschutzzone,,,,,,,850,AV,,Langfristige Erhaltung standortgemässer Waldgesellschaften - schutzwürdiger Waldformen und -typen sowie stufig aufgebauter Waldränder,Wald im Sinne der Schutzziele gemäss Pflegeplan nutzen oder pflegen;ökologisch wertvolle Übergänge von Wald und Naturschutzzonen schaffen; isolierte waldfreie Naturschutzzonen verbinden,102,Landschaftsschutzgebiet,96,Regensdorf,Dielsdorf,138,Katzenseen,"Verordnung über den Schutz der Katzenseen Schutz von Natur- und Landschaftsschutzgebieten mit überkommunaler Bedeutung in Regensdorf, Rümlang und Zürich",20031216,3062,Schutzverordnung,,06.02.2004,http://www.maps.zh.ch/system/docs/aln_fns/svo_zh/SVO_Katzensee_Regensdorf_Ruemlang_Zuerich.pdf,1629.3,246.20000000000002,1629.321881185,246.20337792468302
1868,IVA,Waldschutzzone IVA,IV,Waldschutzzone,,,,,,,850,AV,,Langfristige Erhaltung standortgemässer Waldgesellschaften - schutzwürdiger Waldformen und -typen sowie stufig aufgebauter Waldränder,Wald im Sinne der Schutzziele gemäss Pflegeplan nutzen oder pflegen;ökologisch wertvolle Übergänge von Wald und Naturschutzzonen schaffen; isolierte waldfreie Naturschutzzonen verbinden,2,Hänsiried,261,Zürich,Zürich,138,Katzenseen,"Verordnung über den Schutz der Katzenseen Schutz von Natur- und Landschaftsschutzgebieten mit überkommunaler Bedeutung in Regensdorf, Rümlang und Zürich",20031216,3062,Schutzverordnung,,06.02.2004,http://www.maps.zh.ch/system/docs/aln_fns/svo_zh/SVO_Katzensee_Regensdorf_Ruemlang_Zuerich.pdf,4928.1,689.6,4928.07738057,689.585256182853
3971,IVA,Waldschutzzone IVA,IV,Waldschutzzone,,,,,,,850,AV,,Langfristige Erhaltung standortgemässer Waldgesellschaften - schutzwürdiger Waldformen und -typen sowie stufig aufgebauter Waldränder,Wald im Sinne der Schutzziele gemäss Pflegeplan nutzen oder pflegen;ökologisch wertvolle Übergänge von Wald und Naturschutzzonen schaffen; isolierte waldfreie Naturschutzzonen verbinden,2,Hänsiried,261,Zürich,Zürich,138,Katzenseen,"Verordnung über den Schutz der Katzenseen Schutz von Natur- und Landschaftsschutzgebieten mit überkommunaler Bedeutung in Regensdorf, Rümlang und Zürich",20031216,3062,Schutzverordnung,,06.02.2004,http://www.maps.zh.ch/system/docs/aln_fns/svo_zh/SVO_Katzensee_Regensdorf_Ruemlang_Zuerich.pdf,546.9,86.8,546.89210092,86.7923661442029
5299,I,Naturschutzzone I,I,Naturschutzzone,,,,,,,,AV,,Erhaltung der schutzwürdigen Gebiete als Lebensraum seltener und gefährdeter Tier- und Pflanzenarten und -gemeinschaften,Beweidungsverbot;keine Düngung; keine Veränderungen des Wasserhaushaltes; Vorgaben zum Schnitttermin; Vorgaben zum Umgang mit bestehenden Gehölzen; Einschränkung des Begehens; Leinenzwang für Hunde.,2,Hänsiried,96,Regensdorf,Dielsdorf,219,Katzenseen (Änderung),Verordnung über den Schutz der Katzenseen (Änderung),20140312,14022,Einzelverfügung,,2014/65075,http://www.maps.zh.ch/system/docs/aln_fns/svo_zh/SVO_Katzensee_Aenderung_2014.pdf,3683.5,280.3,3683.54254232,280.301122520311
5822,IIIB,Landschaftsschutzzone IIIB,III,Landschaftsschutzzone,,,,,,,,,,Langfristige Erhaltung eines biologisch und landschaftlich wervollen Zustandes sowie als prägendes Landschaftselement,Alle Veränderungen in der Landschaft sind Bewilligungspflichtig.,,,261,Zürich,Zürich,238,SVO Uetliberg,"Verordnung zum Schutz des Uetliberg-Albis, Teilgebiet Uetliberg Nord (Natur- und Landschaftsschutzgebiet mit überkommunaler Bedeutung in den Gemeinden Stallikon, Uitikon und der Stadt Zürich",20170117,17006,Schutzverordnung,,2017/182671,http://www.maps.zh.ch/system/docs/aln_fns/svo_zh/SVO_Uetliberg.pdf,8332,631.4,8332.046642495001,631.4275834964631
5832,VIA,Erholungszone VIA,VI,Erholungszone,,,,,,,,,,Diese Zone dient der Erholung - soweit diese mit dem Schutz des Gebietes vereinbar ist.,Kein Dünger- und Gifteinsatz; keine standortfremden Baumbestände; keine Beeinträchtigung der Ried- und Ufervegetation,,,261,Zürich,Zürich,238,SVO Uetliberg,"Verordnung zum Schutz des Uetliberg-Albis, Teilgebiet Uetliberg Nord (Natur- und Landschaftsschutzgebiet mit überkommunaler Bedeutung in den Gemeinden Stallikon, Uitikon und der Stadt Zürich",20170117,17006,Schutzverordnung,,2017/182671,http://www.maps.zh.ch/system/docs/aln_fns/svo_zh/SVO_Uetliberg.pdf,7389.5,508,7389.479244995,508.00237424352605
5774,IIIB,Landschaftsschutzzone IIIB,III,Landschaftsschutzzone,,,,,,,,AV,,Langfristige Erhaltung eines biologisch und landschaftlich wervollen Zustandes sowie als prägendes Landschaftselement,Alle Veränderungen in der Landschaft sind Bewilligungspflichtig.,,,13,Stallikon,Affoltern am Albis,238,SVO Uetliberg,"Verordnung zum Schutz des Uetliberg-Albis, Teilgebiet Uetliberg Nord (Natur- und Landschaftsschutzgebiet mit überkommunaler Bedeutung in den Gemeinden Stallikon, Uitikon und der Stadt Zürich",20170117,17006,Schutzverordnung,,2017/182671,http://www.maps.zh.ch/system/docs/aln_fns/svo_zh/SVO_Uetliberg.pdf,1058.6,272.6,1058.61687929,272.607988279933
5708,IVL,Waldschutzzone IVL,IV,Waldschutzzone,,,,,,,,AV,,Biologisch und landschaftlich wertvolle Elemente erhalten - Rücksicht auf Landschaftsbild nehmen.,Erratische Blöcke und andere geomorphologische Objekte erhalten; Bäche nicht verbauen,,,13,Stallikon,Affoltern am Albis,238,SVO Uetliberg,"Verordnung zum Schutz des Uetliberg-Albis, Teilgebiet Uetliberg Nord (Natur- und Landschaftsschutzgebiet mit überkommunaler Bedeutung in den Gemeinden Stallikon, Uitikon und der Stadt Zürich",20170117,17006,Schutzverordnung,,2017/182671,http://www.maps.zh.ch/system/docs/aln_fns/svo_zh/SVO_Uetliberg.pdf,21791.8,1395.4,21791.838587472503,1395.43756149722
3956,IIA,Naturschutzumgebungszone IIA,II,Naturschutzumgebungszone,,,,,,,,AV,,Sicherung der Naturschutzzone vor unerwünschten Einwirkungen,Beweidungsverbot;keine Düngung; keine Veränderungen des Wasserhaushaltes; Vorgaben zum Schnitttermin; Vorgaben zum Umgang mit bestehenden Gehölzen; Leinenzwang für Hunde.,3,Katzenseen,96,Regensdorf,Dielsdorf,138,Katzenseen,"Verordnung über den Schutz der Katzenseen Schutz von Natur- und Landschaftsschutzgebieten mit überkommunaler Bedeutung in Regensdorf, Rümlang und Zürich",20031216,3062,Schutzverordnung,,06.02.2004,http://www.maps.zh.ch/system/docs/aln_fns/svo_zh/SVO_Katzensee_Regensdorf_Ruemlang_Zuerich.pdf,4554,316,4554.047049335,315.98616873282305
3982,IVA,Waldschutzzone IVA,IV,Waldschutzzone,,,,,,,850,AV,,Langfristige Erhaltung standortgemässer Waldgesellschaften - schutzwürdiger Waldformen und -typen sowie stufig aufgebauter Waldränder,Wald im Sinne der Schutzziele gemäss Pflegeplan nutzen oder pflegen;ökologisch wertvolle Übergänge von Wald und Naturschutzzonen schaffen; isolierte waldfreie Naturschutzzonen verbinden,2,Hänsiried,261,Zürich,Zürich,138,Katzenseen,"Verordnung über den Schutz der Katzenseen Schutz von Natur- und Landschaftsschutzgebieten mit überkommunaler Bedeutung in Regensdorf, Rümlang und Zürich",20031216,3062,Schutzverordnung,,06.02.2004,http://www.maps.zh.ch/system/docs/aln_fns/svo_zh/SVO_Katzensee_Regensdorf_Ruemlang_Zuerich.pdf,746.8000000000001,112.5,746.83862888,112.510546894967
3983,IVA,Waldschutzzone IVA,IV,Waldschutzzone,,,,,,,850,AV,,Langfristige Erhaltung standortgemässer Waldgesellschaften - schutzwürdiger Waldformen und -typen sowie stufig aufgebauter Waldränder,Wald im Sinne der Schutzziele gemäss Pflegeplan nutzen oder pflegen;ökologisch wertvolle Übergänge von Wald und Naturschutzzonen schaffen; isolierte waldfreie Naturschutzzonen verbinden,2,Hänsiried,261,Zürich,Zürich,138,Katzenseen,"Verordnung über den Schutz der Katzenseen Schutz von Natur- und Landschaftsschutzgebieten mit überkommunaler Bedeutung in Regensdorf, Rümlang und Zürich",20031216,3062,Schutzverordnung,,06.02.2004,http://www.maps.zh.ch/system/docs/aln_fns/svo_zh/SVO_Katzensee_Regensdorf_Ruemlang_Zuerich.pdf,4713.2,541.5,4713.235797835,541.468348422522
2286,VIB,Erholungszone VIB,VI,Erholungszone,,,,,,,,AV,,Diese Zone dient der Erholung - soweit diese mit dem Schutz des Gebietes vereinbar ist.,-,102,Landschaftsschutzgebiet,261,Zürich,Zürich,138,Katzenseen,"Verordnung über den Schutz der Katzenseen Schutz von Natur- und Landschaftsschutzgebieten mit überkommunaler Bedeutung in Regensdorf, Rümlang und Zürich",20031216,3062,Schutzverordnung,,06.02.2004,http://www.maps.zh.ch/system/docs/aln_fns/svo_zh/SVO_Katzensee_Regensdorf_Ruemlang_Zuerich.pdf,3838,262.8,3837.95923026,262.81672997034104
2280,IVL,Waldschutzzone IVL,IV,Waldschutzzone,,,,,,,,AV,,Biologisch und landschaftlich wertvolle Elemente erhalten - Rücksicht auf Landschaftsbild nehmen.,Erratische Blöcke und andere geomorphologische Objekte erhalten; Bäche nicht verbauen,102,Landschaftsschutzgebiet,96,Regensdorf,Dielsdorf,138,Katzenseen,"Verordnung über den Schutz der Katzenseen Schutz von Natur- und Landschaftsschutzgebieten mit überkommunaler Bedeutung in Regensdorf, Rümlang und Zürich",20031216,3062,Schutzverordnung,,06.02.2004,http://www.maps.zh.ch/system/docs/aln_fns/svo_zh/SVO_Katzensee_Regensdorf_Ruemlang_Zuerich.pdf,229219.6,3468.4,229219.56477179,3468.4244231941702
3968,IIIB,Landschaftsschutzzone IIIB,III,Landschaftsschutzzone,,,,,,,,AV,,Langfristige Erhaltung eines biologisch und landschaftlich wervollen Zustandes sowie als prägendes Landschaftselement,Alle Veränderungen in der Landschaft sind Bewilligungspflichtig.,102,Landschaftsschutzgebiet,261,Zürich,Zürich,138,Katzenseen,"Verordnung über den Schutz der Katzenseen Schutz von Natur- und Landschaftsschutzgebieten mit überkommunaler Bedeutung in Regensdorf, Rümlang und Zürich",20031216,3062,Schutzverordnung,,06.02.2004,http://www.maps.zh.ch/system/docs/aln_fns/svo_zh/SVO_Katzensee_Regensdorf_Ruemlang_Zuerich.pdf,68583.5,2089.8,68583.46924797,2089.8351963149103
2335,VA,See- und Uferschutzzone VA,V,See- und Uferschutzzone,,,,,,,,AV,,Erhaltung von Gewässern und Ufern als Lebensraum seltener Tier- und Pflanzenarten,Kein Betreten der Röhrichtzone; Schwimm- und Badeverbot; Verbot des Befahrens mit Schwimmkörpern aller Art.,3,Katzenseen,96,Regensdorf,Dielsdorf,138,Katzenseen,"Verordnung über den Schutz der Katzenseen Schutz von Natur- und Landschaftsschutzgebieten mit überkommunaler Bedeutung in Regensdorf, Rümlang und Zürich",20031216,3062,Schutzverordnung,,06.02.2004,http://www.maps.zh.ch/system/docs/aln_fns/svo_zh/SVO_Katzensee_Regensdorf_Ruemlang_Zuerich.pdf,80051.2,1175.1000000000001,80051.2495157,1175.07468601526
5880,I,Naturschutzzone I,I,Naturschutzzone,,,,,,,,,,Erhaltung der schutzwürdigen Gebiete als Lebensraum seltener und gefährdeter Tier- und Pflanzenarten und -gemeinschaften,Beweidungsverbot;keine Düngung; keine Veränderungen des Wasserhaushaltes; Vorgaben zum Schnitttermin; Vorgaben zum Umgang mit bestehenden Gehölzen; Einschränkung des Begehens; Leinenzwang für Hunde.,ZH 9,"Albisgüetli, Magerwiese wechseltrocken",261,Zürich,Zürich,238,SVO Uetliberg,"Verordnung zum Schutz des Uetliberg-Albis, Teilgebiet Uetliberg Nord (Natur- und Landschaftsschutzgebiet mit überkommunaler Bedeutung in den Gemeinden Stallikon, Uitikon und der Stadt Zürich",20170117,17006,Schutzverordnung,,2017/182671,http://www.maps.zh.ch/system/docs/aln_fns/svo_zh/SVO_Uetliberg.pdf,8339.2,783.9,8339.22456542,783.8833650817651
3974,IVA,Waldschutzzone IVA,IV,Waldschutzzone,,,,,,,,AV,,Langfristige Erhaltung standortgemässer Waldgesellschaften - schutzwürdiger Waldformen und -typen sowie stufig aufgebauter Waldränder,Wald im Sinne der Schutzziele gemäss Pflegeplan nutzen oder pflegen;ökologisch wertvolle Übergänge von Wald und Naturschutzzonen schaffen; isolierte waldfreie Naturschutzzonen verbinden,3,Katzenseen,261,Zürich,Zürich,138,Katzenseen,"Verordnung über den Schutz der Katzenseen Schutz von Natur- und Landschaftsschutzgebieten mit überkommunaler Bedeutung in Regensdorf, Rümlang und Zürich",20031216,3062,Schutzverordnung,,06.02.2004,http://www.maps.zh.ch/system/docs/aln_fns/svo_zh/SVO_Katzensee_Regensdorf_Ruemlang_Zuerich.pdf,7662.1,413.7,7662.08349042,413.67447757362197
1481,VA,See- und Uferschutzzone VA,V,See- und Uferschutzzone,,,,,,,,AV,,Erhaltung von Gewässern und Ufern als Lebensraum seltener Tier- und Pflanzenarten,Kein Betreten der Röhrichtzone; Schwimm- und Badeverbot; Verbot des Befahrens mit Schwimmkörpern aller Art.,3,Katzenseen,261,Zürich,Zürich,138,Katzenseen,"Verordnung über den Schutz der Katzenseen Schutz von Natur- und Landschaftsschutzgebieten mit überkommunaler Bedeutung in Regensdorf, Rümlang und Zürich",20031216,3062,Schutzverordnung,,06.02.2004,http://www.maps.zh.ch/system/docs/aln_fns/svo_zh/SVO_Katzensee_Regensdorf_Ruemlang_Zuerich.pdf,60365.4,1247.8,60365.43346155,1247.7995794632
5302,IIA,Naturschutzumgebungszone IIA,II,Naturschutzumgebungszone,,,,,,,,AV,,Sicherung der Naturschutzzone vor unerwünschten Einwirkungen,Beweidungsverbot;keine Düngung; keine Veränderungen des Wasserhaushaltes; Vorgaben zum Schnitttermin; Vorgaben zum Umgang mit bestehenden Gehölzen; Leinenzwang für Hunde.,1,Allmend,261,Zürich,Zürich,219,Katzenseen (Änderung),Verordnung über den Schutz der Katzenseen (Änderung),20140312,14022,Einzelverfügung,,2014/65075,http://www.maps.zh.ch/system/docs/aln_fns/svo_zh/SVO_Katzensee_Aenderung_2014.pdf,1153.9,272.2,1153.9115925,272.221140475301
5876,IR,Naturschutzzone IR (Regenerationsfläche),I,Naturschutzzone,R,Regenrationszone,,,,,,,,Erhaltung der schutzwürdigen Gebiete als Lebensraum seltener und gefährdeter Tier- und Pflanzenarten und -gemeinschaften,Bewirtschaftungsflächen durch geeignete Massnahmen (Wiedervernässung; Abhumusierung;etc.) zu Naturschutzzonen zurückführen,ZH 9,"Albisgüetli, Magerwiese wechseltrocken",261,Zürich,Zürich,238,SVO Uetliberg,"Verordnung zum Schutz des Uetliberg-Albis, Teilgebiet Uetliberg Nord (Natur- und Landschaftsschutzgebiet mit überkommunaler Bedeutung in den Gemeinden Stallikon, Uitikon und der Stadt Zürich",20170117,17006,Schutzverordnung,,2017/182671,http://www.maps.zh.ch/system/docs/aln_fns/svo_zh/SVO_Uetliberg.pdf,12487.5,452.5,12487.497741235,452.52140263420205
5845,IVA,Waldschutzzone IVA,IV,Waldschutzzone,,,,,,,,,,Langfristige Erhaltung standortgemässer Waldgesellschaften - schutzwürdiger Waldformen und -typen sowie stufig aufgebauter Waldränder,Wald im Sinne der Schutzziele gemäss Pflegeplan nutzen oder pflegen;ökologisch wertvolle Übergänge von Wald und Naturschutzzonen schaffen; isolierte waldfreie Naturschutzzonen verbinden,ZH 62,Waldstandort Allmend Brunau,261,Zürich,Zürich,238,SVO Uetliberg,"Verordnung zum Schutz des Uetliberg-Albis, Teilgebiet Uetliberg Nord (Natur- und Landschaftsschutzgebiet mit überkommunaler Bedeutung in den Gemeinden Stallikon, Uitikon und der Stadt Zürich",20170117,17006,Schutzverordnung,,2017/182671,http://www.maps.zh.ch/system/docs/aln_fns/svo_zh/SVO_Uetliberg.pdf,89253.2,5139.400000000001,89253.1559471,5139.35073489084
5711,IIIB,Landschaftsschutzzone IIIB,III,Landschaftsschutzzone,,,,,,,,AV,,Langfristige Erhaltung eines biologisch und landschaftlich wervollen Zustandes sowie als prägendes Landschaftselement,Alle Veränderungen in der Landschaft sind Bewilligungspflichtig.,,,248,Uitikon,Dietikon,238,SVO Uetliberg,"Verordnung zum Schutz des Uetliberg-Albis, Teilgebiet Uetliberg Nord (Natur- und Landschaftsschutzgebiet mit überkommunaler Bedeutung in den Gemeinden Stallikon, Uitikon und der Stadt Zürich",20170117,17006,Schutzverordnung,,2017/182671,http://www.maps.zh.ch/system/docs/aln_fns/svo_zh/SVO_Uetliberg.pdf,193025.1,5683.900000000001,193025.130272315,5683.92761898704
5788,IIIB,Landschaftsschutzzone IIIB,III,Landschaftsschutzzone,,,,,,,,AV,,Langfristige Erhaltung eines biologisch und landschaftlich wervollen Zustandes sowie als prägendes Landschaftselement,Alle Veränderungen in der Landschaft sind Bewilligungspflichtig.,,,261,Zürich,Zürich,238,SVO Uetliberg,"Verordnung zum Schutz des Uetliberg-Albis, Teilgebiet Uetliberg Nord (Natur- und Landschaftsschutzgebiet mit überkommunaler Bedeutung in den Gemeinden Stallikon, Uitikon und der Stadt Zürich",20170117,17006,Schutzverordnung,,2017/182671,http://www.maps.zh.ch/system/docs/aln_fns/svo_zh/SVO_Uetliberg.pdf,2265.9,563,2265.876082895,563.004829224875
5790,VIB,Erholungszone VIB,VI,Erholungszone,,,,,,,,,,Diese Zone dient der Erholung - soweit diese mit dem Schutz des Gebietes vereinbar ist.,-,,,261,Zürich,Zürich,238,SVO Uetliberg,"Verordnung zum Schutz des Uetliberg-Albis, Teilgebiet Uetliberg Nord (Natur- und Landschaftsschutzgebiet mit überkommunaler Bedeutung in den Gemeinden Stallikon, Uitikon und der Stadt Zürich",20170117,17006,Schutzverordnung,,2017/182671,http://www.maps.zh.ch/system/docs/aln_fns/svo_zh/SVO_Uetliberg.pdf,4031.4,311.3,4031.387112485,311.321804410728
5730,IVA,Waldschutzzone IVA,IV,Waldschutzzone,,,,,,,,AV,,Langfristige Erhaltung standortgemässer Waldgesellschaften - schutzwürdiger Waldformen und -typen sowie stufig aufgebauter Waldränder,Wald im Sinne der Schutzziele gemäss Pflegeplan nutzen oder pflegen;ökologisch wertvolle Übergänge von Wald und Naturschutzzonen schaffen; isolierte waldfreie Naturschutzzonen verbinden,S 61,Waldstandort Weidel,248,Uitikon,Dietikon,238,SVO Uetliberg,"Verordnung zum Schutz des Uetliberg-Albis, Teilgebiet Uetliberg Nord (Natur- und Landschaftsschutzgebiet mit überkommunaler Bedeutung in den Gemeinden Stallikon, Uitikon und der Stadt Zürich",20170117,17006,Schutzverordnung,,2017/182671,http://www.maps.zh.ch/system/docs/aln_fns/svo_zh/SVO_Uetliberg.pdf,217250.1,4959.5,217250.099847675,4959.467033045131
5704,IVL,Waldschutzzone IVL,IV,Waldschutzzone,,,,,,,,AV,,Biologisch und landschaftlich wertvolle Elemente erhalten - Rücksicht auf Landschaftsbild nehmen.,Erratische Blöcke und andere geomorphologische Objekte erhalten; Bäche nicht verbauen,,,13,Stallikon,Affoltern am Albis,238,SVO Uetliberg,"Verordnung zum Schutz des Uetliberg-Albis, Teilgebiet Uetliberg Nord (Natur- und Landschaftsschutzgebiet mit überkommunaler Bedeutung in den Gemeinden Stallikon, Uitikon und der Stadt Zürich",20170117,17006,Schutzverordnung,,2017/182671,http://www.maps.zh.ch/system/docs/aln_fns/svo_zh/SVO_Uetliberg.pdf,3586.6,323.5,3586.620962045,323.47047265978506
5781,IIIB,Landschaftsschutzzone IIIB,III,Landschaftsschutzzone,,,,,,,,AV,,Langfristige Erhaltung eines biologisch und landschaftlich wervollen Zustandes sowie als prägendes Landschaftselement,Alle Veränderungen in der Landschaft sind Bewilligungspflichtig.,,,261,Zürich,Zürich,238,SVO Uetliberg,"Verordnung zum Schutz des Uetliberg-Albis, Teilgebiet Uetliberg Nord (Natur- und Landschaftsschutzgebiet mit überkommunaler Bedeutung in den Gemeinden Stallikon, Uitikon und der Stadt Zürich",20170117,17006,Schutzverordnung,,2017/182671,http://www.maps.zh.ch/system/docs/aln_fns/svo_zh/SVO_Uetliberg.pdf,2654.9,220.8,2654.87849113,220.818437689623
5298,I,Naturschutzzone I,I,Naturschutzzone,,,,,,,,,,Erhaltung der schutzwürdigen Gebiete als Lebensraum seltener und gefährdeter Tier- und Pflanzenarten und -gemeinschaften,Beweidungsverbot;keine Düngung; keine Veränderungen des Wasserhaushaltes; Vorgaben zum Schnitttermin; Vorgaben zum Umgang mit bestehenden Gehölzen; Einschränkung des Begehens; Leinenzwang für Hunde.,2,Hänsiried,96,Regensdorf,Dielsdorf,219,Katzenseen (Änderung),Verordnung über den Schutz der Katzenseen (Änderung),20140312,14022,Einzelverfügung,,2014/65075,http://www.maps.zh.ch/system/docs/aln_fns/svo_zh/SVO_Katzensee_Aenderung_2014.pdf,7563.8,453.7,7563.848025785001,453.728740497706
1867,I,Naturschutzzone I,I,Naturschutzzone,,,,,,,,AV,,Erhaltung der schutzwürdigen Gebiete als Lebensraum seltener und gefährdeter Tier- und Pflanzenarten und -gemeinschaften,Beweidungsverbot;keine Düngung; keine Veränderungen des Wasserhaushaltes; Vorgaben zum Schnitttermin; Vorgaben zum Umgang mit bestehenden Gehölzen; Einschränkung des Begehens; Leinenzwang für Hunde.,3,Katzenseen,96,Regensdorf,Dielsdorf,138,Katzenseen,"Verordnung über den Schutz der Katzenseen Schutz von Natur- und Landschaftsschutzgebieten mit überkommunaler Bedeutung in Regensdorf, Rümlang und Zürich",20031216,3062,Schutzverordnung,,06.02.2004,http://www.maps.zh.ch/system/docs/aln_fns/svo_zh/SVO_Katzensee_Regensdorf_Ruemlang_Zuerich.pdf,182.6,71.4,182.629504905,71.4208928709154
3936,IIIC,Landschaftsschutzzone IIIC,III,Landschaftsschutzzone,,,,,,,,AV,,Erhaltung der Obstbaumgärten und der mageren Wiesenvegetation,Kein Fällen von Obstbäumen; keine andere Unterkultur als Magerwiese. Das Errichten von Bauten und Anlagen aller Art ist bewilligungspfichtig. Die Düngung ist im Pflegeplan geregelt; es gilt Leinenzwang für Hunde.,3,Katzenseen,96,Regensdorf,Dielsdorf,138,Katzenseen,"Verordnung über den Schutz der Katzenseen Schutz von Natur- und Landschaftsschutzgebieten mit überkommunaler Bedeutung in Regensdorf, Rümlang und Zürich",20031216,3062,Schutzverordnung,,06.02.2004,http://www.maps.zh.ch/system/docs/aln_fns/svo_zh/SVO_Katzensee_Regensdorf_Ruemlang_Zuerich.pdf,16310.300000000001,606.3000000000001,16310.30879094,606.274040152856
2285,VIA,Erholungszone VIA,VI,Erholungszone,,,,,,,,AV,,Diese Zone dient der Erholung - soweit diese mit dem Schutz des Gebietes vereinbar ist.,Kein Dünger- und Gifteinsatz; keine standortfremden Baumbestände; keine Beeinträchtigung der Ried- und Ufervegetation,3,Katzenseen,261,Zürich,Zürich,138,Katzenseen,"Verordnung über den Schutz der Katzenseen Schutz von Natur- und Landschaftsschutzgebieten mit überkommunaler Bedeutung in Regensdorf, Rümlang und Zürich",20031216,3062,Schutzverordnung,,06.02.2004,http://www.maps.zh.ch/system/docs/aln_fns/svo_zh/SVO_Katzensee_Regensdorf_Ruemlang_Zuerich.pdf,2285.1,236.20000000000002,2285.14364084,236.236034985563
5826,I,Naturschutzzone I,I,Naturschutzzone,,,,,WNB,,,,,Erhaltung der schutzwürdigen Gebiete als Lebensraum seltener und gefährdeter Tier- und Pflanzenarten und -gemeinschaften,Beweidungsverbot;keine Düngung; keine Veränderungen des Wasserhaushaltes; Vorgaben zum Schnitttermin; Vorgaben zum Umgang mit bestehenden Gehölzen; Einschränkung des Begehens; Leinenzwang für Hunde.,ZH 10,"Talwiesen, Magerwiese wechseltrocken",261,Zürich,Zürich,238,SVO Uetliberg,"Verordnung zum Schutz des Uetliberg-Albis, Teilgebiet Uetliberg Nord (Natur- und Landschaftsschutzgebiet mit überkommunaler Bedeutung in den Gemeinden Stallikon, Uitikon und der Stadt Zürich",20170117,17006,Schutzverordnung,,2017/182671,http://www.maps.zh.ch/system/docs/aln_fns/svo_zh/SVO_Uetliberg.pdf,10064.5,483.90000000000003,10064.49085471,483.86285266959106
5827,IVA,Waldschutzzone IVA,IV,Waldschutzzone,,,,,WNB,,,,,Langfristige Erhaltung standortgemässer Waldgesellschaften - schutzwürdiger Waldformen und -typen sowie stufig aufgebauter Waldränder,Wald im Sinne der Schutzziele gemäss Pflegeplan nutzen oder pflegen;ökologisch wertvolle Übergänge von Wald und Naturschutzzonen schaffen; isolierte waldfreie Naturschutzzonen verbinden,,,261,Zürich,Zürich,238,SVO Uetliberg,"Verordnung zum Schutz des Uetliberg-Albis, Teilgebiet Uetliberg Nord (Natur- und Landschaftsschutzgebiet mit überkommunaler Bedeutung in den Gemeinden Stallikon, Uitikon und der Stadt Zürich",20170117,17006,Schutzverordnung,,2017/182671,http://www.maps.zh.ch/system/docs/aln_fns/svo_zh/SVO_Uetliberg.pdf,536674.7,3572,536674.664421365,3572.0019829812204
2296,IIA,Naturschutzumgebungszone IIA,II,Naturschutzumgebungszone,,,,,,,,AV,,Sicherung der Naturschutzzone vor unerwünschten Einwirkungen,Beweidungsverbot;keine Düngung; keine Veränderungen des Wasserhaushaltes; Vorgaben zum Schnitttermin; Vorgaben zum Umgang mit bestehenden Gehölzen; Leinenzwang für Hunde.,3,Katzenseen,261,Zürich,Zürich,138,Katzenseen,"Verordnung über den Schutz der Katzenseen Schutz von Natur- und Landschaftsschutzgebieten mit überkommunaler Bedeutung in Regensdorf, Rümlang und Zürich",20031216,3062,Schutzverordnung,,06.02.2004,http://www.maps.zh.ch/system/docs/aln_fns/svo_zh/SVO_Katzensee_Regensdorf_Ruemlang_Zuerich.pdf,17413.7,1301.1000000000001,17413.681271075002,1301.0548315174601
5839,I,Naturschutzzone I,I,Naturschutzzone,,,,,,,,,,Erhaltung der schutzwürdigen Gebiete als Lebensraum seltener und gefährdeter Tier- und Pflanzenarten und -gemeinschaften,Beweidungsverbot;keine Düngung; keine Veränderungen des Wasserhaushaltes; Vorgaben zum Schnitttermin; Vorgaben zum Umgang mit bestehenden Gehölzen; Einschränkung des Begehens; Leinenzwang für Hunde.,ZH 12,"Allmend Brunau, Riedwiese, Magerwiese, Gewässer",261,Zürich,Zürich,238,SVO Uetliberg,"Verordnung zum Schutz des Uetliberg-Albis, Teilgebiet Uetliberg Nord (Natur- und Landschaftsschutzgebiet mit überkommunaler Bedeutung in den Gemeinden Stallikon, Uitikon und der Stadt Zürich",20170117,17006,Schutzverordnung,,2017/182671,http://www.maps.zh.ch/system/docs/aln_fns/svo_zh/SVO_Uetliberg.pdf,20747.7,1190.7,20747.65994622,1190.6574725017501
5830,I,Naturschutzzone I,I,Naturschutzzone,,,,,,,,AV,,Erhaltung der schutzwürdigen Gebiete als Lebensraum seltener und gefährdeter Tier- und Pflanzenarten und -gemeinschaften,Beweidungsverbot;keine Düngung; keine Veränderungen des Wasserhaushaltes; Vorgaben zum Schnitttermin; Vorgaben zum Umgang mit bestehenden Gehölzen; Einschränkung des Begehens; Leinenzwang für Hunde.,ZH 12,"Allmend Brunau, Riedwiese, Magerwiese, Gewässer",261,Zürich,Zürich,238,SVO Uetliberg,"Verordnung zum Schutz des Uetliberg-Albis, Teilgebiet Uetliberg Nord (Natur- und Landschaftsschutzgebiet mit überkommunaler Bedeutung in den Gemeinden Stallikon, Uitikon und der Stadt Zürich",20170117,17006,Schutzverordnung,,2017/182671,http://www.maps.zh.ch/system/docs/aln_fns/svo_zh/SVO_Uetliberg.pdf,13959.5,517.8,13959.479761075001,517.758136889842
5805,IVA,Waldschutzzone IVA,IV,Waldschutzzone,,,,,,,,AV,,Langfristige Erhaltung standortgemässer Waldgesellschaften - schutzwürdiger Waldformen und -typen sowie stufig aufgebauter Waldränder,Wald im Sinne der Schutzziele gemäss Pflegeplan nutzen oder pflegen;ökologisch wertvolle Übergänge von Wald und Naturschutzzonen schaffen; isolierte waldfreie Naturschutzzonen verbinden,ZH 60,Waldstandort Unter Hueb,13,Stallikon,Affoltern am Albis,238,SVO Uetliberg,"Verordnung zum Schutz des Uetliberg-Albis, Teilgebiet Uetliberg Nord (Natur- und Landschaftsschutzgebiet mit überkommunaler Bedeutung in den Gemeinden Stallikon, Uitikon und der Stadt Zürich",20170117,17006,Schutzverordnung,,2017/182671,http://www.maps.zh.ch/system/docs/aln_fns/svo_zh/SVO_Uetliberg.pdf,124946.8,3758.1,124946.819437905,3758.08572746292
5738,IIIB,Landschaftsschutzzone IIIB,III,Landschaftsschutzzone,,,,,,,,AV,,Langfristige Erhaltung eines biologisch und landschaftlich wervollen Zustandes sowie als prägendes Landschaftselement,Alle Veränderungen in der Landschaft sind Bewilligungspflichtig.,,,13,Stallikon,Affoltern am Albis,238,SVO Uetliberg,"Verordnung zum Schutz des Uetliberg-Albis, Teilgebiet Uetliberg Nord (Natur- und Landschaftsschutzgebiet mit überkommunaler Bedeutung in den Gemeinden Stallikon, Uitikon und der Stadt Zürich",20170117,17006,Schutzverordnung,,2017/182671,http://www.maps.zh.ch/system/docs/aln_fns/svo_zh/SVO_Uetliberg.pdf,39234.3,1231,39234.333255105004,1231.01553944282
5787,IIIB,Landschaftsschutzzone IIIB,III,Landschaftsschutzzone,,,,,,,,AV,,Langfristige Erhaltung eines biologisch und landschaftlich wervollen Zustandes sowie als prägendes Landschaftselement,Alle Veränderungen in der Landschaft sind Bewilligungspflichtig.,,,261,Zürich,Zürich,238,SVO Uetliberg,"Verordnung zum Schutz des Uetliberg-Albis, Teilgebiet Uetliberg Nord (Natur- und Landschaftsschutzgebiet mit überkommunaler Bedeutung in den Gemeinden Stallikon, Uitikon und der Stadt Zürich",20170117,17006,Schutzverordnung,,2017/182671,http://www.maps.zh.ch/system/docs/aln_fns/svo_zh/SVO_Uetliberg.pdf,2508.9,961.4,2508.85257611,961.4016824241701
5737,IVL,Waldschutzzone IVL,IV,Waldschutzzone,,,,,,,,AV,,Biologisch und landschaftlich wertvolle Elemente erhalten - Rücksicht auf Landschaftsbild nehmen.,Erratische Blöcke und andere geomorphologische Objekte erhalten; Bäche nicht verbauen,,,13,Stallikon,Affoltern am Albis,238,SVO Uetliberg,"Verordnung zum Schutz des Uetliberg-Albis, Teilgebiet Uetliberg Nord (Natur- und Landschaftsschutzgebiet mit überkommunaler Bedeutung in den Gemeinden Stallikon, Uitikon und der Stadt Zürich",20170117,17006,Schutzverordnung,,2017/182671,http://www.maps.zh.ch/system/docs/aln_fns/svo_zh/SVO_Uetliberg.pdf,91468,2317.5,91467.9890275325,2317.53832609386
5773,IIIB,Landschaftsschutzzone IIIB,III,Landschaftsschutzzone,,,,,,,,AV,,Langfristige Erhaltung eines biologisch und landschaftlich wervollen Zustandes sowie als prägendes Landschaftselement,Alle Veränderungen in der Landschaft sind Bewilligungspflichtig.,,,13,Stallikon,Affoltern am Albis,238,SVO Uetliberg,"Verordnung zum Schutz des Uetliberg-Albis, Teilgebiet Uetliberg Nord (Natur- und Landschaftsschutzgebiet mit überkommunaler Bedeutung in den Gemeinden Stallikon, Uitikon und der Stadt Zürich",20170117,17006,Schutzverordnung,,2017/182671,http://www.maps.zh.ch/system/docs/aln_fns/svo_zh/SVO_Uetliberg.pdf,357.40000000000003,115.7,357.38669137,115.70188581389401
5783,IIIB,Landschaftsschutzzone IIIB,III,Landschaftsschutzzone,,,,,,,,AV,,Langfristige Erhaltung eines biologisch und landschaftlich wervollen Zustandes sowie als prägendes Landschaftselement,Alle Veränderungen in der Landschaft sind Bewilligungspflichtig.,,,261,Zürich,Zürich,238,SVO Uetliberg,"Verordnung zum Schutz des Uetliberg-Albis, Teilgebiet Uetliberg Nord (Natur- und Landschaftsschutzgebiet mit überkommunaler Bedeutung in den Gemeinden Stallikon, Uitikon und der Stadt Zürich",20170117,17006,Schutzverordnung,,2017/182671,http://www.maps.zh.ch/system/docs/aln_fns/svo_zh/SVO_Uetliberg.pdf,3181.8,325.2,3181.82450098,325.24366894673403
5715,IIIB,Landschaftsschutzzone IIIB,III,Landschaftsschutzzone,,,,,,,,AV,,Langfristige Erhaltung eines biologisch und landschaftlich wervollen Zustandes sowie als prägendes Landschaftselement,Alle Veränderungen in der Landschaft sind Bewilligungspflichtig.,,,261,Zürich,Zürich,238,SVO Uetliberg,"Verordnung zum Schutz des Uetliberg-Albis, Teilgebiet Uetliberg Nord (Natur- und Landschaftsschutzgebiet mit überkommunaler Bedeutung in den Gemeinden Stallikon, Uitikon und der Stadt Zürich",20170117,17006,Schutzverordnung,,2017/182671,http://www.maps.zh.ch/system/docs/aln_fns/svo_zh/SVO_Uetliberg.pdf,11410.5,609.9,11410.50886563,609.8776931629731
3975,IVA,Waldschutzzone IVA,IV,Waldschutzzone,,,,,,,850,AV,,Langfristige Erhaltung standortgemässer Waldgesellschaften - schutzwürdiger Waldformen und -typen sowie stufig aufgebauter Waldränder,Wald im Sinne der Schutzziele gemäss Pflegeplan nutzen oder pflegen;ökologisch wertvolle Übergänge von Wald und Naturschutzzonen schaffen; isolierte waldfreie Naturschutzzonen verbinden,2,Hänsiried,261,Zürich,Zürich,138,Katzenseen,"Verordnung über den Schutz der Katzenseen Schutz von Natur- und Landschaftsschutzgebieten mit überkommunaler Bedeutung in Regensdorf, Rümlang und Zürich",20031216,3062,Schutzverordnung,,06.02.2004,http://www.maps.zh.ch/system/docs/aln_fns/svo_zh/SVO_Katzensee_Regensdorf_Ruemlang_Zuerich.pdf,1073.9,162.1,1073.9305256,162.139759330854
3939,I,Naturschutzzone I,I,Naturschutzzone,,,,,,,,AV,,Erhaltung der schutzwürdigen Gebiete als Lebensraum seltener und gefährdeter Tier- und Pflanzenarten und -gemeinschaften,Beweidungsverbot;keine Düngung; keine Veränderungen des Wasserhaushaltes; Vorgaben zum Schnitttermin; Vorgaben zum Umgang mit bestehenden Gehölzen; Einschränkung des Begehens; Leinenzwang für Hunde.,3,Katzenseen,96,Regensdorf,Dielsdorf,138,Katzenseen,"Verordnung über den Schutz der Katzenseen Schutz von Natur- und Landschaftsschutzgebieten mit überkommunaler Bedeutung in Regensdorf, Rümlang und Zürich",20031216,3062,Schutzverordnung,,06.02.2004,http://www.maps.zh.ch/system/docs/aln_fns/svo_zh/SVO_Katzensee_Regensdorf_Ruemlang_Zuerich.pdf,1986.1000000000001,244,1986.12026847,243.989068990412
1866,I,Naturschutzzone I,I,Naturschutzzone,,,,,,,,AV,,Erhaltung der schutzwürdigen Gebiete als Lebensraum seltener und gefährdeter Tier- und Pflanzenarten und -gemeinschaften,Beweidungsverbot;keine Düngung; keine Veränderungen des Wasserhaushaltes; Vorgaben zum Schnitttermin; Vorgaben zum Umgang mit bestehenden Gehölzen; Einschränkung des Begehens; Leinenzwang für Hunde.,3,Katzenseen,261,Zürich,Zürich,138,Katzenseen,"Verordnung über den Schutz der Katzenseen Schutz von Natur- und Landschaftsschutzgebieten mit überkommunaler Bedeutung in Regensdorf, Rümlang und Zürich",20031216,3062,Schutzverordnung,,06.02.2004,http://www.maps.zh.ch/system/docs/aln_fns/svo_zh/SVO_Katzensee_Regensdorf_Ruemlang_Zuerich.pdf,1551.3,287.90000000000003,1551.30296025,287.866165628943
3972,IVA,Waldschutzzone IVA,IV,Waldschutzzone,,,,,,,,AV,,Langfristige Erhaltung standortgemässer Waldgesellschaften - schutzwürdiger Waldformen und -typen sowie stufig aufgebauter Waldränder,Wald im Sinne der Schutzziele gemäss Pflegeplan nutzen oder pflegen;ökologisch wertvolle Übergänge von Wald und Naturschutzzonen schaffen; isolierte waldfreie Naturschutzzonen verbinden,3,Katzenseen,261,Zürich,Zürich,138,Katzenseen,"Verordnung über den Schutz der Katzenseen Schutz von Natur- und Landschaftsschutzgebieten mit überkommunaler Bedeutung in Regensdorf, Rümlang und Zürich",20031216,3062,Schutzverordnung,,06.02.2004,http://www.maps.zh.ch/system/docs/aln_fns/svo_zh/SVO_Katzensee_Regensdorf_Ruemlang_Zuerich.pdf,3039.2000000000003,452,3039.15377995,452.04181794933703
2339,VC,See- und Uferschutzzone VC,V,See- und Uferschutzzone,,,,,,,,AV,,Erhaltung von Gewässern und Ufern als Lebensraum seltener Tier- und Pflanzenarten,-,3,Katzenseen,96,Regensdorf,Dielsdorf,138,Katzenseen,"Verordnung über den Schutz der Katzenseen Schutz von Natur- und Landschaftsschutzgebieten mit überkommunaler Bedeutung in Regensdorf, Rümlang und Zürich",20031216,3062,Schutzverordnung,,06.02.2004,http://www.maps.zh.ch/system/docs/aln_fns/svo_zh/SVO_Katzensee_Regensdorf_Ruemlang_Zuerich.pdf,76819.2,1605.3,76819.232752075,1605.34693881909
5301,IIA,Naturschutzumgebungszone IIA,II,Naturschutzumgebungszone,,,,,,,851,AV,,Sicherung der Naturschutzzone vor unerwünschten Einwirkungen,Beweidungsverbot;keine Düngung; keine Veränderungen des Wasserhaushaltes; Vorgaben zum Schnitttermin; Vorgaben zum Umgang mit bestehenden Gehölzen; Leinenzwang für Hunde.,1,Allmend,261,Zürich,Zürich,219,Katzenseen (Änderung),Verordnung über den Schutz der Katzenseen (Änderung),20140312,14022,Einzelverfügung,,2014/65075,http://www.maps.zh.ch/system/docs/aln_fns/svo_zh/SVO_Katzensee_Aenderung_2014.pdf,26722.8,1281.6000000000001,26722.75296099,1281.60488641648
1873,IIIA,Landschaftsschutzzone IIIA,III,Landschaftsschutzzone,,,,,,,,AV,,Ungestörte Erhaltung der landschaftlichen Eigenart eines Gebietes,Keine Bauten und Anlagen oder andere Geländeveränderungen; keine Waldaufforstungen; Erhalten aller bestehenden Gehölze.,102,Landschaftsschutzgebiet,97,Rümlang,Dielsdorf,138,Katzenseen,"Verordnung über den Schutz der Katzenseen Schutz von Natur- und Landschaftsschutzgebieten mit überkommunaler Bedeutung in Regensdorf, Rümlang und Zürich",20031216,3062,Schutzverordnung,,06.02.2004,http://www.maps.zh.ch/system/docs/aln_fns/svo_zh/SVO_Katzensee_Regensdorf_Ruemlang_Zuerich.pdf,332230.5,2888.3,332230.54325215495,2888.27489654405
5731,I,Naturschutzzone I,I,Naturschutzzone,,,,,,,,AV,,Erhaltung der schutzwürdigen Gebiete als Lebensraum seltener und gefährdeter Tier- und Pflanzenarten und -gemeinschaften,Beweidungsverbot;keine Düngung; keine Veränderungen des Wasserhaushaltes; Vorgaben zum Schnitttermin; Vorgaben zum Umgang mit bestehenden Gehölzen; Einschränkung des Begehens; Leinenzwang für Hunde.,S 1,"Diebis, Magerwiese, Riedwiese",13,Stallikon,Affoltern am Albis,238,SVO Uetliberg,"Verordnung zum Schutz des Uetliberg-Albis, Teilgebiet Uetliberg Nord (Natur- und Landschaftsschutzgebiet mit überkommunaler Bedeutung in den Gemeinden Stallikon, Uitikon und der Stadt Zürich",20170117,17006,Schutzverordnung,,2017/182671,http://www.maps.zh.ch/system/docs/aln_fns/svo_zh/SVO_Uetliberg.pdf,35498,2127.7,35497.968611305,2127.6952264739602
5791,VIB,Erholungszone VIB,VI,Erholungszone,,,,,,,,,,Diese Zone dient der Erholung - soweit diese mit dem Schutz des Gebietes vereinbar ist.,-,,,13,Stallikon,Affoltern am Albis,238,SVO Uetliberg,"Verordnung zum Schutz des Uetliberg-Albis, Teilgebiet Uetliberg Nord (Natur- und Landschaftsschutzgebiet mit überkommunaler Bedeutung in den Gemeinden Stallikon, Uitikon und der Stadt Zürich",20170117,17006,Schutzverordnung,,2017/182671,http://www.maps.zh.ch/system/docs/aln_fns/svo_zh/SVO_Uetliberg.pdf,2465.9,204.5,2465.920065495,204.47309151227702
5775,IIIB,Landschaftsschutzzone IIIB,III,Landschaftsschutzzone,,,,,,,,AV,,Langfristige Erhaltung eines biologisch und landschaftlich wervollen Zustandes sowie als prägendes Landschaftselement,Alle Veränderungen in der Landschaft sind Bewilligungspflichtig.,,,13,Stallikon,Affoltern am Albis,238,SVO Uetliberg,"Verordnung zum Schutz des Uetliberg-Albis, Teilgebiet Uetliberg Nord (Natur- und Landschaftsschutzgebiet mit überkommunaler Bedeutung in den Gemeinden Stallikon, Uitikon und der Stadt Zürich",20170117,17006,Schutzverordnung,,2017/182671,http://www.maps.zh.ch/system/docs/aln_fns/svo_zh/SVO_Uetliberg.pdf,117.2,54.300000000000004,117.215277325,54.3330795092354
5782,VIB,Erholungszone VIB,VI,Erholungszone,,,,,,,,AV,,Diese Zone dient der Erholung - soweit diese mit dem Schutz des Gebietes vereinbar ist.,-,,,261,Zürich,Zürich,238,SVO Uetliberg,"Verordnung zum Schutz des Uetliberg-Albis, Teilgebiet Uetliberg Nord (Natur- und Landschaftsschutzgebiet mit überkommunaler Bedeutung in den Gemeinden Stallikon, Uitikon und der Stadt Zürich",20170117,17006,Schutzverordnung,,2017/182671,http://www.maps.zh.ch/system/docs/aln_fns/svo_zh/SVO_Uetliberg.pdf,3002.8,253.3,3002.80220131,253.295521780282
5828,IVA,Waldschutzzone IVA,IV,Waldschutzzone,,,,,WNB,,,,,Langfristige Erhaltung standortgemässer Waldgesellschaften - schutzwürdiger Waldformen und -typen sowie stufig aufgebauter Waldränder,Wald im Sinne der Schutzziele gemäss Pflegeplan nutzen oder pflegen;ökologisch wertvolle Übergänge von Wald und Naturschutzzonen schaffen; isolierte waldfreie Naturschutzzonen verbinden,ZH 61,Waldstandort Üetliberg-Osthang,261,Zürich,Zürich,238,SVO Uetliberg,"Verordnung zum Schutz des Uetliberg-Albis, Teilgebiet Uetliberg Nord (Natur- und Landschaftsschutzgebiet mit überkommunaler Bedeutung in den Gemeinden Stallikon, Uitikon und der Stadt Zürich",20170117,17006,Schutzverordnung,,2017/182671,http://www.maps.zh.ch/system/docs/aln_fns/svo_zh/SVO_Uetliberg.pdf,810650.4,7122.5,810650.361670505,7122.45283469638
1871,IIIB,Landschaftsschutzzone IIIB,III,Landschaftsschutzzone,,,,,,,,AV,,Langfristige Erhaltung eines biologisch und landschaftlich wervollen Zustandes sowie als prägendes Landschaftselement,Alle Veränderungen in der Landschaft sind Bewilligungspflichtig.,102,Landschaftsschutzgebiet,96,Regensdorf,Dielsdorf,138,Katzenseen,"Verordnung über den Schutz der Katzenseen Schutz von Natur- und Landschaftsschutzgebieten mit überkommunaler Bedeutung in Regensdorf, Rümlang und Zürich",20031216,3062,Schutzverordnung,,06.02.2004,http://www.maps.zh.ch/system/docs/aln_fns/svo_zh/SVO_Katzensee_Regensdorf_Ruemlang_Zuerich.pdf,117405.1,3456.7000000000003,117405.0802356,3456.73475701281
3947,IIA,Naturschutzumgebungszone IIA,II,Naturschutzumgebungszone,,,,,,,850,AV,,Sicherung der Naturschutzzone vor unerwünschten Einwirkungen,Beweidungsverbot;keine Düngung; keine Veränderungen des Wasserhaushaltes; Vorgaben zum Schnitttermin; Vorgaben zum Umgang mit bestehenden Gehölzen; Leinenzwang für Hunde.,2,Hänsiried,96,Regensdorf,Dielsdorf,138,Katzenseen,"Verordnung über den Schutz der Katzenseen Schutz von Natur- und Landschaftsschutzgebieten mit überkommunaler Bedeutung in Regensdorf, Rümlang und Zürich",20031216,3062,Schutzverordnung,,06.02.2004,http://www.maps.zh.ch/system/docs/aln_fns/svo_zh/SVO_Katzensee_Regensdorf_Ruemlang_Zuerich.pdf,6399,811.8000000000001,6398.96392215,811.772265669814
1863,I,Naturschutzzone I,I,Naturschutzzone,,,,,,,850,AV,,Erhaltung der schutzwürdigen Gebiete als Lebensraum seltener und gefährdeter Tier- und Pflanzenarten und -gemeinschaften,Beweidungsverbot;keine Düngung; keine Veränderungen des Wasserhaushaltes; Vorgaben zum Schnitttermin; Vorgaben zum Umgang mit bestehenden Gehölzen; Einschränkung des Begehens; Leinenzwang für Hunde.,3,Katzenseen,96,Regensdorf,Dielsdorf,138,Katzenseen,"Verordnung über den Schutz der Katzenseen Schutz von Natur- und Landschaftsschutzgebieten mit überkommunaler Bedeutung in Regensdorf, Rümlang und Zürich",20031216,3062,Schutzverordnung,,06.02.2004,http://www.maps.zh.ch/system/docs/aln_fns/svo_zh/SVO_Katzensee_Regensdorf_Ruemlang_Zuerich.pdf,2971.4,369.3,2971.44274636,369.298905557106
3964,IIIA,Landschaftsschutzzone IIIA,III,Landschaftsschutzzone,,,,,,,,AV,,Ungestörte Erhaltung der landschaftlichen Eigenart eines Gebietes,Keine Bauten und Anlagen oder andere Geländeveränderungen; keine Waldaufforstungen; Erhalten aller bestehenden Gehölze.,3,Katzenseen,96,Regensdorf,Dielsdorf,138,Katzenseen,"Verordnung über den Schutz der Katzenseen Schutz von Natur- und Landschaftsschutzgebieten mit überkommunaler Bedeutung in Regensdorf, Rümlang und Zürich",20031216,3062,Schutzverordnung,,06.02.2004,http://www.maps.zh.ch/system/docs/aln_fns/svo_zh/SVO_Katzensee_Regensdorf_Ruemlang_Zuerich.pdf,16766.5,688.8000000000001,16766.48608308,688.8201606321451
3953,IIA,Naturschutzumgebungszone IIA,II,Naturschutzumgebungszone,,,,,,,,AV,,Sicherung der Naturschutzzone vor unerwünschten Einwirkungen,Beweidungsverbot;keine Düngung; keine Veränderungen des Wasserhaushaltes; Vorgaben zum Schnitttermin; Vorgaben zum Umgang mit bestehenden Gehölzen; Leinenzwang für Hunde.,2,Hänsiried,261,Zürich,Zürich,138,Katzenseen,"Verordnung über den Schutz der Katzenseen Schutz von Natur- und Landschaftsschutzgebieten mit überkommunaler Bedeutung in Regensdorf, Rümlang und Zürich",20031216,3062,Schutzverordnung,,06.02.2004,http://www.maps.zh.ch/system/docs/aln_fns/svo_zh/SVO_Katzensee_Regensdorf_Ruemlang_Zuerich.pdf,9166.5,520,9166.52649963,519.964698090437
2278,IVL,Waldschutzzone IVL,IV,Waldschutzzone,,,,,,,,AV,,Biologisch und landschaftlich wertvolle Elemente erhalten - Rücksicht auf Landschaftsbild nehmen.,Erratische Blöcke und andere geomorphologische Objekte erhalten; Bäche nicht verbauen,3,Katzenseen,261,Zürich,Zürich,138,Katzenseen,"Verordnung über den Schutz der Katzenseen Schutz von Natur- und Landschaftsschutzgebieten mit überkommunaler Bedeutung in Regensdorf, Rümlang und Zürich",20031216,3062,Schutzverordnung,,06.02.2004,http://www.maps.zh.ch/system/docs/aln_fns/svo_zh/SVO_Katzensee_Regensdorf_Ruemlang_Zuerich.pdf,3624.9,403,3624.8750249249997,402.987550270958
2277,IVL,Waldschutzzone IVL,IV,Waldschutzzone,,,,,,,,AV,,Biologisch und landschaftlich wertvolle Elemente erhalten - Rücksicht auf Landschaftsbild nehmen.,Erratische Blöcke und andere geomorphologische Objekte erhalten; Bäche nicht verbauen,102,Landschaftsschutzgebiet,261,Zürich,Zürich,138,Katzenseen,"Verordnung über den Schutz der Katzenseen Schutz von Natur- und Landschaftsschutzgebieten mit überkommunaler Bedeutung in Regensdorf, Rümlang und Zürich",20031216,3062,Schutzverordnung,,06.02.2004,http://www.maps.zh.ch/system/docs/aln_fns/svo_zh/SVO_Katzensee_Regensdorf_Ruemlang_Zuerich.pdf,4854.8,292,4854.78449714,292.03979623211603
3973,IVA,Waldschutzzone IVA,IV,Waldschutzzone,,,,,,,849,AV,,Langfristige Erhaltung standortgemässer Waldgesellschaften - schutzwürdiger Waldformen und -typen sowie stufig aufgebauter Waldränder,Wald im Sinne der Schutzziele gemäss Pflegeplan nutzen oder pflegen;ökologisch wertvolle Übergänge von Wald und Naturschutzzonen schaffen; isolierte waldfreie Naturschutzzonen verbinden,3,Katzenseen,96,Regensdorf,Dielsdorf,138,Katzenseen,"Verordnung über den Schutz der Katzenseen Schutz von Natur- und Landschaftsschutzgebieten mit überkommunaler Bedeutung in Regensdorf, Rümlang und Zürich",20031216,3062,Schutzverordnung,,06.02.2004,http://www.maps.zh.ch/system/docs/aln_fns/svo_zh/SVO_Katzensee_Regensdorf_Ruemlang_Zuerich.pdf,19556.9,565.9,19556.948603704997,565.903784102603
2337,I,Naturschutzzone I,I,Naturschutzzone,,,,,,,849,AV,,Erhaltung der schutzwürdigen Gebiete als Lebensraum seltener und gefährdeter Tier- und Pflanzenarten und -gemeinschaften,Beweidungsverbot;keine Düngung; keine Veränderungen des Wasserhaushaltes; Vorgaben zum Schnitttermin; Vorgaben zum Umgang mit bestehenden Gehölzen; Einschränkung des Begehens; Leinenzwang für Hunde.,3,Katzenseen,96,Regensdorf,Dielsdorf,138,Katzenseen,"Verordnung über den Schutz der Katzenseen Schutz von Natur- und Landschaftsschutzgebieten mit überkommunaler Bedeutung in Regensdorf, Rümlang und Zürich",20031216,3062,Schutzverordnung,,06.02.2004,http://www.maps.zh.ch/system/docs/aln_fns/svo_zh/SVO_Katzensee_Regensdorf_Ruemlang_Zuerich.pdf,112319.1,3894.2000000000003,112319.069791975,3894.22730401858
2279,IVL,Waldschutzzone IVL,IV,Waldschutzzone,,,,,,,,AV,,Biologisch und landschaftlich wertvolle Elemente erhalten - Rücksicht auf Landschaftsbild nehmen.,Erratische Blöcke und andere geomorphologische Objekte erhalten; Bäche nicht verbauen,102,Landschaftsschutzgebiet,261,Zürich,Zürich,138,Katzenseen,"Verordnung über den Schutz der Katzenseen Schutz von Natur- und Landschaftsschutzgebieten mit überkommunaler Bedeutung in Regensdorf, Rümlang und Zürich",20031216,3062,Schutzverordnung,,06.02.2004,http://www.maps.zh.ch/system/docs/aln_fns/svo_zh/SVO_Katzensee_Regensdorf_Ruemlang_Zuerich.pdf,1157.8,155.5,1157.80250964,155.486287533341
5303,IIA,Naturschutzumgebungszone IIA,II,Naturschutzumgebungszone,,,,,,,,AV,,Sicherung der Naturschutzzone vor unerwünschten Einwirkungen,Beweidungsverbot;keine Düngung; keine Veränderungen des Wasserhaushaltes; Vorgaben zum Schnitttermin; Vorgaben zum Umgang mit bestehenden Gehölzen; Leinenzwang für Hunde.,3,Katzenseen,261,Zürich,Zürich,219,Katzenseen (Änderung),Verordnung über den Schutz der Katzenseen (Änderung),20140312,14022,Einzelverfügung,,2014/65075,http://www.maps.zh.ch/system/docs/aln_fns/svo_zh/SVO_Katzensee_Aenderung_2014.pdf,5178.6,517.5,5178.594483085,517.5087018840919
3946,I,Naturschutzzone I,I,Naturschutzzone,,,,,,,851,AV,,Erhaltung der schutzwürdigen Gebiete als Lebensraum seltener und gefährdeter Tier- und Pflanzenarten und -gemeinschaften,Beweidungsverbot;keine Düngung; keine Veränderungen des Wasserhaushaltes; Vorgaben zum Schnitttermin; Vorgaben zum Umgang mit bestehenden Gehölzen; Einschränkung des Begehens; Leinenzwang für Hunde.,1,Allmend,261,Zürich,Zürich,138,Katzenseen,"Verordnung über den Schutz der Katzenseen Schutz von Natur- und Landschaftsschutzgebieten mit überkommunaler Bedeutung in Regensdorf, Rümlang und Zürich",20031216,3062,Schutzverordnung,,06.02.2004,http://www.maps.zh.ch/system/docs/aln_fns/svo_zh/SVO_Katzensee_Regensdorf_Ruemlang_Zuerich.pdf,151187.80000000002,1983.3,151187.83933236,1983.25797360175
5834,I,Naturschutzzone I,I,Naturschutzzone,,,,,,,,,,Erhaltung der schutzwürdigen Gebiete als Lebensraum seltener und gefährdeter Tier- und Pflanzenarten und -gemeinschaften,Beweidungsverbot;keine Düngung; keine Veränderungen des Wasserhaushaltes; Vorgaben zum Schnitttermin; Vorgaben zum Umgang mit bestehenden Gehölzen; Einschränkung des Begehens; Leinenzwang für Hunde.,ZH 12,"Allmend Brunau, Riedwiese, Magerwiese, Gewässer",261,Zürich,Zürich,238,SVO Uetliberg,"Verordnung zum Schutz des Uetliberg-Albis, Teilgebiet Uetliberg Nord (Natur- und Landschaftsschutzgebiet mit überkommunaler Bedeutung in den Gemeinden Stallikon, Uitikon und der Stadt Zürich",20170117,17006,Schutzverordnung,,2017/182671,http://www.maps.zh.ch/system/docs/aln_fns/svo_zh/SVO_Uetliberg.pdf,46621.3,1632.5,46621.308421135,1632.48869862897
5801,IIIB,Landschaftsschutzzone IIIB,III,Landschaftsschutzzone,,,,,,,,AV,,Langfristige Erhaltung eines biologisch und landschaftlich wervollen Zustandes sowie als prägendes Landschaftselement,Alle Veränderungen in der Landschaft sind Bewilligungspflichtig.,,,13,Stallikon,Affoltern am Albis,238,SVO Uetliberg,"Verordnung zum Schutz des Uetliberg-Albis, Teilgebiet Uetliberg Nord (Natur- und Landschaftsschutzgebiet mit überkommunaler Bedeutung in den Gemeinden Stallikon, Uitikon und der Stadt Zürich",20170117,17006,Schutzverordnung,,2017/182671,http://www.maps.zh.ch/system/docs/aln_fns/svo_zh/SVO_Uetliberg.pdf,1858.8,187,1858.7890199,186.986280847472
5804,IVA,Waldschutzzone IVA,IV,Waldschutzzone,,,,,,,,AV,,Langfristige Erhaltung standortgemässer Waldgesellschaften - schutzwürdiger Waldformen und -typen sowie stufig aufgebauter Waldränder,Wald im Sinne der Schutzziele gemäss Pflegeplan nutzen oder pflegen;ökologisch wertvolle Übergänge von Wald und Naturschutzzonen schaffen; isolierte waldfreie Naturschutzzonen verbinden,,,248,Uitikon,Dietikon,238,SVO Uetliberg,"Verordnung zum Schutz des Uetliberg-Albis, Teilgebiet Uetliberg Nord (Natur- und Landschaftsschutzgebiet mit überkommunaler Bedeutung in den Gemeinden Stallikon, Uitikon und der Stadt Zürich",20170117,17006,Schutzverordnung,,2017/182671,http://www.maps.zh.ch/system/docs/aln_fns/svo_zh/SVO_Uetliberg.pdf,38029.700000000004,1461,38029.748519935,1460.96249643695
5764,VIA,Erholungszone VIA,VI,Erholungszone,,,,,,,,AV,,Diese Zone dient der Erholung - soweit diese mit dem Schutz des Gebietes vereinbar ist.,Kein Dünger- und Gifteinsatz; keine standortfremden Baumbestände; keine Beeinträchtigung der Ried- und Ufervegetation,,,261,Zürich,Zürich,238,SVO Uetliberg,"Verordnung zum Schutz des Uetliberg-Albis, Teilgebiet Uetliberg Nord (Natur- und Landschaftsschutzgebiet mit überkommunaler Bedeutung in den Gemeinden Stallikon, Uitikon und der Stadt Zürich",20170117,17006,Schutzverordnung,,2017/182671,http://www.maps.zh.ch/system/docs/aln_fns/svo_zh/SVO_Uetliberg.pdf,1694.3,176.3,1694.30431649,176.264668428802
5712,IIIB,Landschaftsschutzzone IIIB,III,Landschaftsschutzzone,,,,,,,,,,Langfristige Erhaltung eines biologisch und landschaftlich wervollen Zustandes sowie als prägendes Landschaftselement,Alle Veränderungen in der Landschaft sind Bewilligungspflichtig.,,,261,Zürich,Zürich,238,SVO Uetliberg,"Verordnung zum Schutz des Uetliberg-Albis, Teilgebiet Uetliberg Nord (Natur- und Landschaftsschutzgebiet mit überkommunaler Bedeutung in den Gemeinden Stallikon, Uitikon und der Stadt Zürich",20170117,17006,Schutzverordnung,,2017/182671,http://www.maps.zh.ch/system/docs/aln_fns/svo_zh/SVO_Uetliberg.pdf,33098.7,4795.3,33098.702988175,4795.31354762719
3935,IID,Naturschutzumgebungszone IID,II,Naturschutzumgebungszone,,,,,,,,AV,,Sicherung der Naturschutzzone vor unerwünschten Einwirkungen,wie IIA; aber Düngung mit Mist (ohne Zusätze) und Beweidung erlaubt,2,Hänsiried,96,Regensdorf,Dielsdorf,138,Katzenseen,"Verordnung über den Schutz der Katzenseen Schutz von Natur- und Landschaftsschutzgebieten mit überkommunaler Bedeutung in Regensdorf, Rümlang und Zürich",20031216,3062,Schutzverordnung,,06.02.2004,http://www.maps.zh.ch/system/docs/aln_fns/svo_zh/SVO_Katzensee_Regensdorf_Ruemlang_Zuerich.pdf,3376,333.5,3375.9504886150003,333.491482182112
3955,IIA,Naturschutzumgebungszone IIA,II,Naturschutzumgebungszone,,,,,,,,AV,,Sicherung der Naturschutzzone vor unerwünschten Einwirkungen,Beweidungsverbot;keine Düngung; keine Veränderungen des Wasserhaushaltes; Vorgaben zum Schnitttermin; Vorgaben zum Umgang mit bestehenden Gehölzen; Leinenzwang für Hunde.,3,Katzenseen,96,Regensdorf,Dielsdorf,138,Katzenseen,"Verordnung über den Schutz der Katzenseen Schutz von Natur- und Landschaftsschutzgebieten mit überkommunaler Bedeutung in Regensdorf, Rümlang und Zürich",20031216,3062,Schutzverordnung,,06.02.2004,http://www.maps.zh.ch/system/docs/aln_fns/svo_zh/SVO_Katzensee_Regensdorf_Ruemlang_Zuerich.pdf,1531,238.4,1530.9556435450002,238.444812927348
5297,IVL,Waldschutzzone IVL,IV,Waldschutzzone,,,,,,,,AV,,Biologisch und landschaftlich wertvolle Elemente erhalten - Rücksicht auf Landschaftsbild nehmen.,Erratische Blöcke und andere geomorphologische Objekte erhalten; Bäche nicht verbauen,102,Landschaftsschutzgebiet,96,Regensdorf,Dielsdorf,219,Katzenseen (Änderung),Verordnung über den Schutz der Katzenseen (Änderung),20140312,14022,Einzelverfügung,,2014/65075,http://www.maps.zh.ch/system/docs/aln_fns/svo_zh/SVO_Katzensee_Aenderung_2014.pdf,35862.4,1139.4,35862.36296384,1139.4481905857701
3965,IIIA,Landschaftsschutzzone IIIA,III,Landschaftsschutzzone,,,,,,,,AV,,Ungestörte Erhaltung der landschaftlichen Eigenart eines Gebietes,Keine Bauten und Anlagen oder andere Geländeveränderungen; keine Waldaufforstungen; Erhalten aller bestehenden Gehölze.,102,Landschaftsschutzgebiet,96,Regensdorf,Dielsdorf,138,Katzenseen,"Verordnung über den Schutz der Katzenseen Schutz von Natur- und Landschaftsschutzgebieten mit überkommunaler Bedeutung in Regensdorf, Rümlang und Zürich",20031216,3062,Schutzverordnung,,06.02.2004,http://www.maps.zh.ch/system/docs/aln_fns/svo_zh/SVO_Katzensee_Regensdorf_Ruemlang_Zuerich.pdf,180263.30000000002,6332.8,180263.34111354,6332.83824590204
2287,VIB,Erholungszone VIB,VI,Erholungszone,,,,,,,,AV,,Diese Zone dient der Erholung - soweit diese mit dem Schutz des Gebietes vereinbar ist.,-,102,Landschaftsschutzgebiet,261,Zürich,Zürich,138,Katzenseen,"Verordnung über den Schutz der Katzenseen Schutz von Natur- und Landschaftsschutzgebieten mit überkommunaler Bedeutung in Regensdorf, Rümlang und Zürich",20031216,3062,Schutzverordnung,,06.02.2004,http://www.maps.zh.ch/system/docs/aln_fns/svo_zh/SVO_Katzensee_Regensdorf_Ruemlang_Zuerich.pdf,3696.6,310.7,3696.569455615,310.652468456686
3945,I,Naturschutzzone I,I,Naturschutzzone,,,,,,,,AV,,Erhaltung der schutzwürdigen Gebiete als Lebensraum seltener und gefährdeter Tier- und Pflanzenarten und -gemeinschaften,Beweidungsverbot;keine Düngung; keine Veränderungen des Wasserhaushaltes; Vorgaben zum Schnitttermin; Vorgaben zum Umgang mit bestehenden Gehölzen; Einschränkung des Begehens; Leinenzwang für Hunde.,3,Katzenseen,261,Zürich,Zürich,138,Katzenseen,"Verordnung über den Schutz der Katzenseen Schutz von Natur- und Landschaftsschutzgebieten mit überkommunaler Bedeutung in Regensdorf, Rümlang und Zürich",20031216,3062,Schutzverordnung,,06.02.2004,http://www.maps.zh.ch/system/docs/aln_fns/svo_zh/SVO_Katzensee_Regensdorf_Ruemlang_Zuerich.pdf,2413.9,323.7,2413.948787565,323.740092371321
2338,VC,See- und Uferschutzzone VC,V,See- und Uferschutzzone,,,,,,,,AV,,Erhaltung von Gewässern und Ufern als Lebensraum seltener Tier- und Pflanzenarten,-,3,Katzenseen,261,Zürich,Zürich,138,Katzenseen,"Verordnung über den Schutz der Katzenseen Schutz von Natur- und Landschaftsschutzgebieten mit überkommunaler Bedeutung in Regensdorf, Rümlang und Zürich",20031216,3062,Schutzverordnung,,06.02.2004,http://www.maps.zh.ch/system/docs/aln_fns/svo_zh/SVO_Katzensee_Regensdorf_Ruemlang_Zuerich.pdf,114814.1,1763.9,114814.13432003,1763.91094774719
2298,I,Naturschutzzone I,I,Naturschutzzone,,,,,,99,849,AV,,Erhaltung der schutzwürdigen Gebiete als Lebensraum seltener und gefährdeter Tier- und Pflanzenarten und -gemeinschaften,Beweidungsverbot;keine Düngung; keine Veränderungen des Wasserhaushaltes; Vorgaben zum Schnitttermin; Vorgaben zum Umgang mit bestehenden Gehölzen; Einschränkung des Begehens; Leinenzwang für Hunde.,3,Katzenseen,261,Zürich,Zürich,138,Katzenseen,"Verordnung über den Schutz der Katzenseen Schutz von Natur- und Landschaftsschutzgebieten mit überkommunaler Bedeutung in Regensdorf, Rümlang und Zürich",20031216,3062,Schutzverordnung,,06.02.2004,http://www.maps.zh.ch/system/docs/aln_fns/svo_zh/SVO_Katzensee_Regensdorf_Ruemlang_Zuerich.pdf,66402,2643,66402.01487836,2642.9592807304402
3962,IIIA,Landschaftsschutzzone IIIA,III,Landschaftsschutzzone,,,,,,,,AV,,Ungestörte Erhaltung der landschaftlichen Eigenart eines Gebietes,Keine Bauten und Anlagen oder andere Geländeveränderungen; keine Waldaufforstungen; Erhalten aller bestehenden Gehölze.,102,Landschaftsschutzgebiet,261,Zürich,Zürich,138,Katzenseen,"Verordnung über den Schutz der Katzenseen Schutz von Natur- und Landschaftsschutzgebieten mit überkommunaler Bedeutung in Regensdorf, Rümlang und Zürich",20031216,3062,Schutzverordnung,,06.02.2004,http://www.maps.zh.ch/system/docs/aln_fns/svo_zh/SVO_Katzensee_Regensdorf_Ruemlang_Zuerich.pdf,5799.3,291.40000000000003,5799.25795763,291.406829764282
5300,IIA,Naturschutzumgebungszone IIA,II,Naturschutzumgebungszone,,,,,,,,AV,,Sicherung der Naturschutzzone vor unerwünschten Einwirkungen,Beweidungsverbot;keine Düngung; keine Veränderungen des Wasserhaushaltes; Vorgaben zum Schnitttermin; Vorgaben zum Umgang mit bestehenden Gehölzen; Leinenzwang für Hunde.,3,Katzenseen,261,Zürich,Zürich,219,Katzenseen (Änderung),Verordnung über den Schutz der Katzenseen (Änderung),20140312,14022,Einzelverfügung,,2014/65075,http://www.maps.zh.ch/system/docs/aln_fns/svo_zh/SVO_Katzensee_Aenderung_2014.pdf,13061.300000000001,736,13061.33296177,736.042831149344
5824,IVA,Waldschutzzone IVA,IV,Waldschutzzone,,,,,,,,,,Langfristige Erhaltung standortgemässer Waldgesellschaften - schutzwürdiger Waldformen und -typen sowie stufig aufgebauter Waldränder,Wald im Sinne der Schutzziele gemäss Pflegeplan nutzen oder pflegen;ökologisch wertvolle Übergänge von Wald und Naturschutzzonen schaffen; isolierte waldfreie Naturschutzzonen verbinden,ZH 9,"Albisgüetli, Magerwiese wechseltrocken",261,Zürich,Zürich,238,SVO Uetliberg,"Verordnung zum Schutz des Uetliberg-Albis, Teilgebiet Uetliberg Nord (Natur- und Landschaftsschutzgebiet mit überkommunaler Bedeutung in den Gemeinden Stallikon, Uitikon und der Stadt Zürich",20170117,17006,Schutzverordnung,,2017/182671,http://www.maps.zh.ch/system/docs/aln_fns/svo_zh/SVO_Uetliberg.pdf,10184.9,597.7,10184.91805866,597.712275294322
5877,I,Naturschutzzone I,I,Naturschutzzone,,,,,,,,,,Erhaltung der schutzwürdigen Gebiete als Lebensraum seltener und gefährdeter Tier- und Pflanzenarten und -gemeinschaften,Beweidungsverbot;keine Düngung; keine Veränderungen des Wasserhaushaltes; Vorgaben zum Schnitttermin; Vorgaben zum Umgang mit bestehenden Gehölzen; Einschränkung des Begehens; Leinenzwang für Hunde.,ZH 9,"Albisgüetli, Magerwiese wechseltrocken",261,Zürich,Zürich,238,SVO Uetliberg,"Verordnung zum Schutz des Uetliberg-Albis, Teilgebiet Uetliberg Nord (Natur- und Landschaftsschutzgebiet mit überkommunaler Bedeutung in den Gemeinden Stallikon, Uitikon und der Stadt Zürich",20170117,17006,Schutzverordnung,,2017/182671,http://www.maps.zh.ch/system/docs/aln_fns/svo_zh/SVO_Uetliberg.pdf,10479.800000000001,921.7,10479.82765302,921.7429969705601
5833,VIA,Erholungszone VIA,VI,Erholungszone,,,,,,,,,,Diese Zone dient der Erholung - soweit diese mit dem Schutz des Gebietes vereinbar ist.,Kein Dünger- und Gifteinsatz; keine standortfremden Baumbestände; keine Beeinträchtigung der Ried- und Ufervegetation,,,261,Zürich,Zürich,238,SVO Uetliberg,"Verordnung zum Schutz des Uetliberg-Albis, Teilgebiet Uetliberg Nord (Natur- und Landschaftsschutzgebiet mit überkommunaler Bedeutung in den Gemeinden Stallikon, Uitikon und der Stadt Zürich",20170117,17006,Schutzverordnung,,2017/182671,http://www.maps.zh.ch/system/docs/aln_fns/svo_zh/SVO_Uetliberg.pdf,68338.2,1355.4,68338.23963747,1355.4237503506401
5734,I,Naturschutzzone I,I,Naturschutzzone,,,,,,,,AV,,Erhaltung der schutzwürdigen Gebiete als Lebensraum seltener und gefährdeter Tier- und Pflanzenarten und -gemeinschaften,Beweidungsverbot;keine Düngung; keine Veränderungen des Wasserhaushaltes; Vorgaben zum Schnitttermin; Vorgaben zum Umgang mit bestehenden Gehölzen; Einschränkung des Begehens; Leinenzwang für Hunde.,S 19,"Chirchhof, Magerwiese",13,Stallikon,Affoltern am Albis,238,SVO Uetliberg,"Verordnung zum Schutz des Uetliberg-Albis, Teilgebiet Uetliberg Nord (Natur- und Landschaftsschutzgebiet mit überkommunaler Bedeutung in den Gemeinden Stallikon, Uitikon und der Stadt Zürich",20170117,17006,Schutzverordnung,,2017/182671,http://www.maps.zh.ch/system/docs/aln_fns/svo_zh/SVO_Uetliberg.pdf,2962.4,251.4,2962.4323895049997,251.36118238618403
5741,IVL,Waldschutzzone IVL,IV,Waldschutzzone,,,,,,,,AV,,Biologisch und landschaftlich wertvolle Elemente erhalten - Rücksicht auf Landschaftsbild nehmen.,Erratische Blöcke und andere geomorphologische Objekte erhalten; Bäche nicht verbauen,,,13,Stallikon,Affoltern am Albis,238,SVO Uetliberg,"Verordnung zum Schutz des Uetliberg-Albis, Teilgebiet Uetliberg Nord (Natur- und Landschaftsschutzgebiet mit überkommunaler Bedeutung in den Gemeinden Stallikon, Uitikon und der Stadt Zürich",20170117,17006,Schutzverordnung,,2017/182671,http://www.maps.zh.ch/system/docs/aln_fns/svo_zh/SVO_Uetliberg.pdf,53732.3,1391.8,53732.338739195,1391.79185993071
5792,VIB,Erholungszone VIB,VI,Erholungszone,,,,,,,,,,Diese Zone dient der Erholung - soweit diese mit dem Schutz des Gebietes vereinbar ist.,-,,,13,Stallikon,Affoltern am Albis,238,SVO Uetliberg,"Verordnung zum Schutz des Uetliberg-Albis, Teilgebiet Uetliberg Nord (Natur- und Landschaftsschutzgebiet mit überkommunaler Bedeutung in den Gemeinden Stallikon, Uitikon und der Stadt Zürich",20170117,17006,Schutzverordnung,,2017/182671,http://www.maps.zh.ch/system/docs/aln_fns/svo_zh/SVO_Uetliberg.pdf,5160.3,362.40000000000003,5160.34318699,362.37996700507904
1865,IVA,Waldschutzzone IVA,IV,Waldschutzzone,,,,,,,,AV,,Langfristige Erhaltung standortgemässer Waldgesellschaften - schutzwürdiger Waldformen und -typen sowie stufig aufgebauter Waldränder,Wald im Sinne der Schutzziele gemäss Pflegeplan nutzen oder pflegen;ökologisch wertvolle Übergänge von Wald und Naturschutzzonen schaffen; isolierte waldfreie Naturschutzzonen verbinden,3,Katzenseen,96,Regensdorf,Dielsdorf,138,Katzenseen,"Verordnung über den Schutz der Katzenseen Schutz von Natur- und Landschaftsschutzgebieten mit überkommunaler Bedeutung in Regensdorf, Rümlang und Zürich",20031216,3062,Schutzverordnung,,06.02.2004,http://www.maps.zh.ch/system/docs/aln_fns/svo_zh/SVO_Katzensee_Regensdorf_Ruemlang_Zuerich.pdf,2731.6,242.8,2731.590642815,242.796725238382
1864,IVA,Waldschutzzone IVA,IV,Waldschutzzone,,,,,,,,AV,,Langfristige Erhaltung standortgemässer Waldgesellschaften - schutzwürdiger Waldformen und -typen sowie stufig aufgebauter Waldränder,Wald im Sinne der Schutzziele gemäss Pflegeplan nutzen oder pflegen;ökologisch wertvolle Übergänge von Wald und Naturschutzzonen schaffen; isolierte waldfreie Naturschutzzonen verbinden,3,Katzenseen,261,Zürich,Zürich,138,Katzenseen,"Verordnung über den Schutz der Katzenseen Schutz von Natur- und Landschaftsschutzgebieten mit überkommunaler Bedeutung in Regensdorf, Rümlang und Zürich",20031216,3062,Schutzverordnung,,06.02.2004,http://www.maps.zh.ch/system/docs/aln_fns/svo_zh/SVO_Katzensee_Regensdorf_Ruemlang_Zuerich.pdf,13145.800000000001,612.9,13145.84626032,612.924838558462
2340,I,Naturschutzzone I,I,Naturschutzzone,,,,,,,850,AV,,Erhaltung der schutzwürdigen Gebiete als Lebensraum seltener und gefährdeter Tier- und Pflanzenarten und -gemeinschaften,Beweidungsverbot;keine Düngung; keine Veränderungen des Wasserhaushaltes; Vorgaben zum Schnitttermin; Vorgaben zum Umgang mit bestehenden Gehölzen; Einschränkung des Begehens; Leinenzwang für Hunde.,2,Hänsiried,261,Zürich,Zürich,138,Katzenseen,"Verordnung über den Schutz der Katzenseen Schutz von Natur- und Landschaftsschutzgebieten mit überkommunaler Bedeutung in Regensdorf, Rümlang und Zürich",20031216,3062,Schutzverordnung,,06.02.2004,http://www.maps.zh.ch/system/docs/aln_fns/svo_zh/SVO_Katzensee_Regensdorf_Ruemlang_Zuerich.pdf,94061.40000000001,2115.6,94061.373689645,2115.62855222011
1870,IIIB,Landschaftsschutzzone IIIB,III,Landschaftsschutzzone,,,,,,,,AV,,Langfristige Erhaltung eines biologisch und landschaftlich wervollen Zustandes sowie als prägendes Landschaftselement,Alle Veränderungen in der Landschaft sind Bewilligungspflichtig.,102,Landschaftsschutzgebiet,261,Zürich,Zürich,138,Katzenseen,"Verordnung über den Schutz der Katzenseen Schutz von Natur- und Landschaftsschutzgebieten mit überkommunaler Bedeutung in Regensdorf, Rümlang und Zürich",20031216,3062,Schutzverordnung,,06.02.2004,http://www.maps.zh.ch/system/docs/aln_fns/svo_zh/SVO_Katzensee_Regensdorf_Ruemlang_Zuerich.pdf,32791.2,914.1,32791.179847095,914.078147476766
3981,IVA,Waldschutzzone IVA,IV,Waldschutzzone,,,,,,99,849,AV,,Langfristige Erhaltung standortgemässer Waldgesellschaften - schutzwürdiger Waldformen und -typen sowie stufig aufgebauter Waldränder,Wald im Sinne der Schutzziele gemäss Pflegeplan nutzen oder pflegen;ökologisch wertvolle Übergänge von Wald und Naturschutzzonen schaffen; isolierte waldfreie Naturschutzzonen verbinden,3,Katzenseen,261,Zürich,Zürich,138,Katzenseen,"Verordnung über den Schutz der Katzenseen Schutz von Natur- und Landschaftsschutzgebieten mit überkommunaler Bedeutung in Regensdorf, Rümlang und Zürich",20031216,3062,Schutzverordnung,,06.02.2004,http://www.maps.zh.ch/system/docs/aln_fns/svo_zh/SVO_Katzensee_Regensdorf_Ruemlang_Zuerich.pdf,16126.800000000001,876.2,16126.75396066,876.1989451866731
5823,IVA,Waldschutzzone IVA,IV,Waldschutzzone,,,,,,,,,,Langfristige Erhaltung standortgemässer Waldgesellschaften - schutzwürdiger Waldformen und -typen sowie stufig aufgebauter Waldränder,Wald im Sinne der Schutzziele gemäss Pflegeplan nutzen oder pflegen;ökologisch wertvolle Übergänge von Wald und Naturschutzzonen schaffen; isolierte waldfreie Naturschutzzonen verbinden,ZH 9,"Albisgüetli, Magerwiese wechseltrocken",261,Zürich,Zürich,238,SVO Uetliberg,"Verordnung zum Schutz des Uetliberg-Albis, Teilgebiet Uetliberg Nord (Natur- und Landschaftsschutzgebiet mit überkommunaler Bedeutung in den Gemeinden Stallikon, Uitikon und der Stadt Zürich",20170117,17006,Schutzverordnung,,2017/182671,http://www.maps.zh.ch/system/docs/aln_fns/svo_zh/SVO_Uetliberg.pdf,2750.3,400.8,2750.295932895,400.812440614416
5814,IIIB,Landschaftsschutzzone IIIB,III,Landschaftsschutzzone,,,,,,,,,,Langfristige Erhaltung eines biologisch und landschaftlich wervollen Zustandes sowie als prägendes Landschaftselement,Alle Veränderungen in der Landschaft sind Bewilligungspflichtig.,,,261,Zürich,Zürich,238,SVO Uetliberg,"Verordnung zum Schutz des Uetliberg-Albis, Teilgebiet Uetliberg Nord (Natur- und Landschaftsschutzgebiet mit überkommunaler Bedeutung in den Gemeinden Stallikon, Uitikon und der Stadt Zürich",20170117,17006,Schutzverordnung,,2017/182671,http://www.maps.zh.ch/system/docs/aln_fns/svo_zh/SVO_Uetliberg.pdf,6881.7,465.6,6881.653253315,465.599652575738
3961,IIA,Naturschutzumgebungszone IIA,II,Naturschutzumgebungszone,,,,,,99,,AV,,Sicherung der Naturschutzzone vor unerwünschten Einwirkungen,Beweidungsverbot;keine Düngung; keine Veränderungen des Wasserhaushaltes; Vorgaben zum Schnitttermin; Vorgaben zum Umgang mit bestehenden Gehölzen; Leinenzwang für Hunde.,3,Katzenseen,261,Zürich,Zürich,138,Katzenseen,"Verordnung über den Schutz der Katzenseen Schutz von Natur- und Landschaftsschutzgebieten mit überkommunaler Bedeutung in Regensdorf, Rümlang und Zürich",20031216,3062,Schutzverordnung,,06.02.2004,http://www.maps.zh.ch/system/docs/aln_fns/svo_zh/SVO_Katzensee_Regensdorf_Ruemlang_Zuerich.pdf,4261.9,290.7,4261.89696906,290.698634213887
2295,IIIA,Landschaftsschutzzone IIIA,III,Landschaftsschutzzone,,,,,,,,AV,,Ungestörte Erhaltung der landschaftlichen Eigenart eines Gebietes,Keine Bauten und Anlagen oder andere Geländeveränderungen; keine Waldaufforstungen; Erhalten aller bestehenden Gehölze.,102,Landschaftsschutzgebiet,261,Zürich,Zürich,138,Katzenseen,"Verordnung über den Schutz der Katzenseen Schutz von Natur- und Landschaftsschutzgebieten mit überkommunaler Bedeutung in Regensdorf, Rümlang und Zürich",20031216,3062,Schutzverordnung,,06.02.2004,http://www.maps.zh.ch/system/docs/aln_fns/svo_zh/SVO_Katzensee_Regensdorf_Ruemlang_Zuerich.pdf,287758.3,4238.5,287758.33381759503,4238.4681823225
1872,IIIA,Landschaftsschutzzone IIIA,III,Landschaftsschutzzone,,,,,,,,AV,,Ungestörte Erhaltung der landschaftlichen Eigenart eines Gebietes,Keine Bauten und Anlagen oder andere Geländeveränderungen; keine Waldaufforstungen; Erhalten aller bestehenden Gehölze.,102,Landschaftsschutzgebiet,261,Zürich,Zürich,138,Katzenseen,"Verordnung über den Schutz der Katzenseen Schutz von Natur- und Landschaftsschutzgebieten mit überkommunaler Bedeutung in Regensdorf, Rümlang und Zürich",20031216,3062,Schutzverordnung,,06.02.2004,http://www.maps.zh.ch/system/docs/aln_fns/svo_zh/SVO_Katzensee_Regensdorf_Ruemlang_Zuerich.pdf,5816.7,1370,5816.74275747,1369.95088580062
5831,I,Naturschutzzone I,I,Naturschutzzone,,,,,,,,,,Erhaltung der schutzwürdigen Gebiete als Lebensraum seltener und gefährdeter Tier- und Pflanzenarten und -gemeinschaften,Beweidungsverbot;keine Düngung; keine Veränderungen des Wasserhaushaltes; Vorgaben zum Schnitttermin; Vorgaben zum Umgang mit bestehenden Gehölzen; Einschränkung des Begehens; Leinenzwang für Hunde.,ZH 12,"Allmend Brunau, Riedwiese, Magerwiese, Gewässer",261,Zürich,Zürich,238,SVO Uetliberg,"Verordnung zum Schutz des Uetliberg-Albis, Teilgebiet Uetliberg Nord (Natur- und Landschaftsschutzgebiet mit überkommunaler Bedeutung in den Gemeinden Stallikon, Uitikon und der Stadt Zürich",20170117,17006,Schutzverordnung,,2017/182671,http://www.maps.zh.ch/system/docs/aln_fns/svo_zh/SVO_Uetliberg.pdf,40472,1112.3,40471.99946244,1112.2796055538302
5837,IIIB,Landschaftsschutzzone IIIB,III,Landschaftsschutzzone,,,,,,,,,,Langfristige Erhaltung eines biologisch und landschaftlich wervollen Zustandes sowie als prägendes Landschaftselement,Alle Veränderungen in der Landschaft sind Bewilligungspflichtig.,,,261,Zürich,Zürich,238,SVO Uetliberg,"Verordnung zum Schutz des Uetliberg-Albis, Teilgebiet Uetliberg Nord (Natur- und Landschaftsschutzgebiet mit überkommunaler Bedeutung in den Gemeinden Stallikon, Uitikon und der Stadt Zürich",20170117,17006,Schutzverordnung,,2017/182671,http://www.maps.zh.ch/system/docs/aln_fns/svo_zh/SVO_Uetliberg.pdf,152047,4505.5,152047.00051945,4505.5166122888895
