NEKK_COD,NEKK_BEZ,LIMNEK_COD,LIMNEK_BEZ,KNG_COD,KNG_BEZ,NEKK_LBL,B_JAHR,B_GRUNDLAGE,SHAPE.AREA,SHAPE.LEN
5,5 - Futterbaubetonte Fruchtfolge,B,Klimatisches Nutzungsgebiet,3,3 - Übergangsgebiet futterbaubetont,5B,1988-97,BoKa-ZH,36895.368964885,1168.517985343
1-5,Bereich 1-5,kA,keine Angabe,1,1 - Ackerbaugebiet,1-5,2009,FFF-Revision 09,3137.630407445,220.917809182131
2,2 - Uneingeschränkte Fruchtfolge 2. Güte,S,Bodenskelett,1,1 - Ackerbaugebiet,2S,1988-97,BoKa-ZH,5550.62700884,328.15784180846504
10,10 - Streueland,F,Fremdnässe,1,1 - Ackerbaugebiet,10F,1988-97,BoKa-ZH (Einzelfall),82565.85605215,1280.93839745377
5,5 - Futterbaubetonte Fruchtfolge,L,Lage im Relief,1,1 - Ackerbaugebiet,5L,1988-97,BoKa-ZH (Einzelfall),15504.73655695,990.2444247052961
9,9 - Extensives Wies- und Weideland,L,Lage im Relief,4,4 - Futterbaugebiet,9L,1988-97,BoKa-ZH (Einzelfall),6883.11085915,549.766202478665
2,2 - Uneingeschränkte Fruchtfolge 2. Güte,S,Bodenskelett,1,1 - Ackerbaugebiet,2S,1988-97,BoKa-ZH,7858.46038236,724.6194711225751
5,5 - Futterbaubetonte Fruchtfolge,N,Hangneigung,1,1 - Ackerbaugebiet,5N,1988-97,BoKa-ZH,8952.018922615,851.899886695346
6,"6 - Futterbau bevorzugt, Ackerbau stark eingeschränkt",kA,keine Angabe,1,1 - Ackerbaugebiet,6,2009,FFF-Revision 09,3486.29674916,300.950406762445
3,3 - Getreidebetonte Fruchtfolge 1. Güte,I,Staunässe,1,1 - Ackerbaugebiet,3I,1988-97,BoKa-ZH,22776.77992511,781.6097072096471
2,2 - Uneingeschränkte Fruchtfolge 2. Güte,S,Bodenskelett,1,1 - Ackerbaugebiet,2S,1988-97,BoKa-ZH,21522.76664382,764.0355154075701
3,3 - Getreidebetonte Fruchtfolge 1. Güte,I,Staunässe,1,1 - Ackerbaugebiet,3I,1988-97,BoKa-ZH,10863.362158365,606.053959362464
6,"6 - Futterbau bevorzugt, Ackerbau stark eingeschränkt",R,Hangneigung FFF,1,1 - Ackerbaugebiet,6R,2009,FFF-Revision 09 (BoKa-ZH),1850.4734853,849.910838138767
6,"6 - Futterbau bevorzugt, Ackerbau stark eingeschränkt",kA,keine Angabe,3,3 - Übergangsgebiet futterbaubetont,6,2009,FFF-Revision 09,3708.62120482,260.19948938147104
6,"6 - Futterbau bevorzugt, Ackerbau stark eingeschränkt",kA,keine Angabe,1,1 - Ackerbaugebiet,6,2009,FFF-Revision 09,3939.734605695,431.221290134524
9,9 - Extensives Wies- und Weideland,N,Hangneigung,1,1 - Ackerbaugebiet,9N,1988-97,BoKa-ZH,8329.017108025,401.455744577282
5,5 - Futterbaubetonte Fruchtfolge,N,Hangneigung,1,1 - Ackerbaugebiet,5N,1988-97,BoKa-ZH,5711.3439056,413.198245560245
6,"6 - Futterbau bevorzugt, Ackerbau stark eingeschränkt",R,Hangneigung FFF,1,1 - Ackerbaugebiet,6R,2009,FFF-Revision 09 (BoKa-ZH),937.02846105,153.64088460062902
2,2 - Uneingeschränkte Fruchtfolge 2. Güte,G,Nutzbarer Wurzelraum (Gründigkeit),1,1 - Ackerbaugebiet,2G,1988-97,BoKa-ZH,30387.49753959,1233.57727406409
1-5,Bereich 1-5,kA,keine Angabe,1,1 - Ackerbaugebiet,1-5,2009,FFF-Revision 09,487.33910061,117.23436345861201
2,2 - Uneingeschränkte Fruchtfolge 2. Güte,S,Bodenskelett,1,1 - Ackerbaugebiet,2S,1988-97,BoKa-ZH (Einzelfall),6375.370888885,495.71569308620104
6,"6 - Futterbau bevorzugt, Ackerbau stark eingeschränkt",R,Hangneigung FFF,1,1 - Ackerbaugebiet,6R,2009,FFF-Revision 09 (BoKa-ZH),1533.41339792,258.292821584118
6,"6 - Futterbau bevorzugt, Ackerbau stark eingeschränkt",R,Hangneigung FFF,1,1 - Ackerbaugebiet,6R,2009,FFF-Revision 09 (BoKa-ZH),6560.67307,700.4576210308301
2,2 - Uneingeschränkte Fruchtfolge 2. Güte,S,Bodenskelett,1,1 - Ackerbaugebiet,2S,1988-97,BoKa-ZH,31601.10270264,1677.9098791389702
2,2 - Uneingeschränkte Fruchtfolge 2. Güte,S,Bodenskelett,1,1 - Ackerbaugebiet,2S,1988-97,BoKa-ZH,9316.34032155,446.385606879306
6,"6 - Futterbau bevorzugt, Ackerbau stark eingeschränkt",R,Hangneigung FFF,3,3 - Übergangsgebiet futterbaubetont,6R,2009,FFF-Revision 09 (BoKa-ZH),349.32683008,123.83819218466401
6,"6 - Futterbau bevorzugt, Ackerbau stark eingeschränkt",R,Hangneigung FFF,3,3 - Übergangsgebiet futterbaubetont,6R,2009,FFF-Revision 09 (BoKa-ZH),320.919497455,97.22501003509879
2,2 - Uneingeschränkte Fruchtfolge 2. Güte,S,Bodenskelett,1,1 - Ackerbaugebiet,2S,1988-97,BoKa-ZH,152.2581025,111.805062572112
7,7 - Gutes bis mässig gutes Wies- und Weideland,L,Lage im Relief,1,1 - Ackerbaugebiet,7L,1988-97,BoKa-ZH (Einzelfall),46678.72551193,1983.9757706434302
1-5,Bereich 1-5,kA,keine Angabe,1,1 - Ackerbaugebiet,1-5,2009,FFF-Revision 09,707.95266096,179.210061064367
2,2 - Uneingeschränkte Fruchtfolge 2. Güte,S,Bodenskelett,1,1 - Ackerbaugebiet,2S,1988-97,BoKa-ZH,24162.66133165,965.145394511327
5,5 - Futterbaubetonte Fruchtfolge,kA,keine Angabe,3,3 - Übergangsgebiet futterbaubetont,5,2009,FFF-Revision 09,23659.264976115002,763.164305320494
7,7 - Gutes bis mässig gutes Wies- und Weideland,L,Lage im Relief,1,1 - Ackerbaugebiet,7L,1988-97,BoKa-ZH (Einzelfall),8546.530679135001,342.97880300326705
2,2 - Uneingeschränkte Fruchtfolge 2. Güte,S,Bodenskelett,1,1 - Ackerbaugebiet,2S,1988-97,BoKa-ZH,134552.330015685,2694.1949341528
2,2 - Uneingeschränkte Fruchtfolge 2. Güte,S,Bodenskelett,1,1 - Ackerbaugebiet,2S,1988-97,BoKa-ZH,8640.181575,395.943318780407
6,"6 - Futterbau bevorzugt, Ackerbau stark eingeschränkt",I,Staunässe,1,1 - Ackerbaugebiet,6I,1988-97,BoKa-ZH,57639.363313565,1424.23021062161
6,"6 - Futterbau bevorzugt, Ackerbau stark eingeschränkt",R,Hangneigung FFF,1,1 - Ackerbaugebiet,6R,2009,FFF-Revision 09 (BoKa-ZH),727.79969104,206.976084792211
1-5,Bereich 1-5,kA,keine Angabe,1,1 - Ackerbaugebiet,1-5,2009,FFF-Revision 09,7871.672684215,569.5790360726021
6,"6 - Futterbau bevorzugt, Ackerbau stark eingeschränkt",R,Hangneigung FFF,1,1 - Ackerbaugebiet,6R,2009,FFF-Revision 09 (BoKa-ZH),9208.883531355,1440.64477271125
6,"6 - Futterbau bevorzugt, Ackerbau stark eingeschränkt",R,Hangneigung FFF,1,1 - Ackerbaugebiet,6R,2009,FFF-Revision 09 (BoKa-ZH),1999.05991925,269.04672569672897
3,3 - Getreidebetonte Fruchtfolge 1. Güte,,,1,1 - Ackerbaugebiet,3,1988-97,BoKa-ZH,25196.949868565003,1178.0186363384
7,7 - Gutes bis mässig gutes Wies- und Weideland,R,Hangneigung FFF,1,1 - Ackerbaugebiet,7R,2009,FFF-Revision 09 (BoKa-ZH),448.82980204,209.347721796772
5,5 - Futterbaubetonte Fruchtfolge,N,Hangneigung,2,2 - Übergangsgebiet ackerbaubetont,5N,1988-97,BoKa-ZH,250.198713365,70.94025692454109
3,3 - Getreidebetonte Fruchtfolge 1. Güte,I,Staunässe,2,2 - Übergangsgebiet ackerbaubetont,3I,1988-97,BoKa-ZH,29450.510566805002,782.765479810524
3,3 - Getreidebetonte Fruchtfolge 1. Güte,G,Nutzbarer Wurzelraum (Gründigkeit),1,1 - Ackerbaugebiet,3G,1988-97,BoKa-ZH (Einzelfall),17339.091630805,730.401160090592
4,4 - Getreidebetonte Fruchtfolge 2. Güte,G,Nutzbarer Wurzelraum (Gründigkeit),1,1 - Ackerbaugebiet,4G,1988-97,BoKa-ZH (Einzelfall),9450.742009,401.544630352115
5,5 - Futterbaubetonte Fruchtfolge,F,Fremdnässe,1,1 - Ackerbaugebiet,5F,1988-97,BoKa-ZH,40796.816049565,1231.70302577953
6,"6 - Futterbau bevorzugt, Ackerbau stark eingeschränkt",F,Fremdnässe,1,1 - Ackerbaugebiet,6F,1988-97,BoKa-ZH,41880.59621189,1183.95390167366
4,4 - Getreidebetonte Fruchtfolge 2. Güte,S,Bodenskelett,1,1 - Ackerbaugebiet,4S,2009,FFF-Revision 09 (BoKa-ZH),53.10848,119.94255841777901
7,7 - Gutes bis mässig gutes Wies- und Weideland,N,Hangneigung,1,1 - Ackerbaugebiet,7N,1988-97,BoKa-ZH,29180.457640655,1188.91764764327
1,1 - Uneingeschränkte Fruchtfolge 1. Güte,,,1,1 - Ackerbaugebiet,1,1988-97,BoKa-ZH,73080.20397887,1420.7640923672902
2,2 - Uneingeschränkte Fruchtfolge 2. Güte,S,Bodenskelett,1,1 - Ackerbaugebiet,2S,1988-97,BoKa-ZH,11288.11286212,984.8755391342161
7,7 - Gutes bis mässig gutes Wies- und Weideland,N,Hangneigung,3,3 - Übergangsgebiet futterbaubetont,7N,1988-97,BoKa-ZH,24017.12672129,1019.0061125483301
2-5,Bereich 2-5,kA,keine Angabe,2,2 - Übergangsgebiet ackerbaubetont,2-5,2009,FFF-Revision 09,6802.851284075,462.933227641037
3,3 - Getreidebetonte Fruchtfolge 1. Güte,G,Nutzbarer Wurzelraum (Gründigkeit),1,1 - Ackerbaugebiet,3G,1988-97,BoKa-ZH,22880.98025836,806.7584459926361
6,"6 - Futterbau bevorzugt, Ackerbau stark eingeschränkt",kA,keine Angabe,1,1 - Ackerbaugebiet,6,2009,FFF-Revision 09,278.57829525,77.2706242361573
6,"6 - Futterbau bevorzugt, Ackerbau stark eingeschränkt",R,Hangneigung FFF,1,1 - Ackerbaugebiet,6R,2009,FFF-Revision 09 (BoKa-ZH),1478.44479087,233.637079590508
2,2 - Uneingeschränkte Fruchtfolge 2. Güte,S,Bodenskelett,1,1 - Ackerbaugebiet,2S,1988-97,BoKa-ZH,46997.40558216,1812.1914307754203
7,7 - Gutes bis mässig gutes Wies- und Weideland,L,Lage im Relief,2,2 - Übergangsgebiet ackerbaubetont,7L,1988-97,BoKa-ZH (Einzelfall),3620.42983228,242.28215007146503
6,"6 - Futterbau bevorzugt, Ackerbau stark eingeschränkt",S,Bodenskelett,3,3 - Übergangsgebiet futterbaubetont,6S,1988-97,BoKa-ZH,10516.19657466,578.779656532571
6,"6 - Futterbau bevorzugt, Ackerbau stark eingeschränkt",R,Hangneigung FFF,2,2 - Übergangsgebiet ackerbaubetont,6R,2009,FFF-Revision 09 (BoKa-ZH),263.917610635,111.83683761754202
5,5 - Futterbaubetonte Fruchtfolge,F,Fremdnässe,2,2 - Übergangsgebiet ackerbaubetont,5F,1988-97,BoKa-ZH (Einzelfall),42146.19251838,1248.9868270331701
6,"6 - Futterbau bevorzugt, Ackerbau stark eingeschränkt",R,Hangneigung FFF,1,1 - Ackerbaugebiet,6R,2009,FFF-Revision 09 (BoKa-ZH),1941.5785168,277.97880396381305
7,7 - Gutes bis mässig gutes Wies- und Weideland,N,Hangneigung,3,3 - Übergangsgebiet futterbaubetont,7N,2009,FFF-Revision 09 (BoKa-ZH),7574.70222558,496.24614273136103
6,"6 - Futterbau bevorzugt, Ackerbau stark eingeschränkt",R,Hangneigung FFF,3,3 - Übergangsgebiet futterbaubetont,6R,2009,FFF-Revision 09 (BoKa-ZH),7708.48379118,759.60795997851
5,5 - Futterbaubetonte Fruchtfolge,B,Klimatisches Nutzungsgebiet,3,3 - Übergangsgebiet futterbaubetont,5B,1988-97,BoKa-ZH,4732.823729025,352.17352906176296
6,"6 - Futterbau bevorzugt, Ackerbau stark eingeschränkt",R,Hangneigung FFF,1,1 - Ackerbaugebiet,6R,2009,FFF-Revision 09 (BoKa-ZH),430.41032690500003,93.2815543536947
3,3 - Getreidebetonte Fruchtfolge 1. Güte,I,Staunässe,1,1 - Ackerbaugebiet,3I,1988-97,BoKa-ZH (Einzelfall),28575.47125514,859.4557745071371
6,"6 - Futterbau bevorzugt, Ackerbau stark eingeschränkt",I,Staunässe,1,1 - Ackerbaugebiet,6I,1988-97,BoKa-ZH,14755.745752585,612.000543017241
2,2 - Uneingeschränkte Fruchtfolge 2. Güte,S,Bodenskelett,1,1 - Ackerbaugebiet,2S,1988-97,BoKa-ZH,11181.40237843,513.33255593116
9,9 - Extensives Wies- und Weideland,L,Lage im Relief,4,4 - Futterbaugebiet,9L,1988-97,BoKa-ZH (Einzelfall),10341.679063435,506.139203397988
7,7 - Gutes bis mässig gutes Wies- und Weideland,N,Hangneigung,4,4 - Futterbaugebiet,7N,1988-97,BoKa-ZH,30134.794135395,817.137716259815
9,9 - Extensives Wies- und Weideland,N,Hangneigung,4,4 - Futterbaugebiet,9N,2009,FFF-Revision 09 (BoKa-ZH),2595.4328477,257.305946081572
6,"6 - Futterbau bevorzugt, Ackerbau stark eingeschränkt",kA,keine Angabe,1,1 - Ackerbaugebiet,6,2009,FFF-Revision 09,6177.940198945001,334.538919328656
2,2 - Uneingeschränkte Fruchtfolge 2. Güte,S,Bodenskelett,1,1 - Ackerbaugebiet,2S,1988-97,BoKa-ZH,143007.6710976,2364.55175769879
6,"6 - Futterbau bevorzugt, Ackerbau stark eingeschränkt",kA,keine Angabe,3,3 - Übergangsgebiet futterbaubetont,6,2009,FFF-Revision 09,3735.26399568,279.82010442696804
6,"6 - Futterbau bevorzugt, Ackerbau stark eingeschränkt",R,Hangneigung FFF,1,1 - Ackerbaugebiet,6R,2009,FFF-Revision 09 (BoKa-ZH),1982.311853815,228.031677898673
2,2 - Uneingeschränkte Fruchtfolge 2. Güte,A,Bodenart,1,1 - Ackerbaugebiet,2A,1988-97,BoKa-ZH,10091.67394895,464.94289102753305
7,7 - Gutes bis mässig gutes Wies- und Weideland,R,Hangneigung FFF,1,1 - Ackerbaugebiet,7R,2009,FFF-Revision 09 (BoKa-ZH),74.310351235,87.6867970556756
3,3 - Getreidebetonte Fruchtfolge 1. Güte,G,Nutzbarer Wurzelraum (Gründigkeit),1,1 - Ackerbaugebiet,3G,1988-97,BoKa-ZH,58595.0986815,1409.93015532797
7,7 - Gutes bis mässig gutes Wies- und Weideland,F,Fremdnässe,1,1 - Ackerbaugebiet,7F,1988-97,BoKa-ZH (Einzelfall),19523.27021723,823.713335756918
10,10 - Streueland,F,Fremdnässe,1,1 - Ackerbaugebiet,10F,1988-97,BoKa-ZH (Einzelfall),113640.005280155,1493.86301843858
5,5 - Futterbaubetonte Fruchtfolge,B,Klimatisches Nutzungsgebiet,3,3 - Übergangsgebiet futterbaubetont,5B,1988-97,BoKa-ZH,29022.500575985,1049.9776729016198
5,5 - Futterbaubetonte Fruchtfolge,F,Fremdnässe,1,1 - Ackerbaugebiet,5F,1988-97,BoKa-ZH (Einzelfall),17286.532099335,704.8807178267731
3,3 - Getreidebetonte Fruchtfolge 1. Güte,S,Bodenskelett,1,1 - Ackerbaugebiet,3S,2009,FFF-Revision 09 (BoKa-ZH),25665.36358181,761.7148958118751
6,"6 - Futterbau bevorzugt, Ackerbau stark eingeschränkt",R,Hangneigung FFF,1,1 - Ackerbaugebiet,6R,2009,FFF-Revision 09 (BoKa-ZH),1158.6206384,213.38511974835302
3,3 - Getreidebetonte Fruchtfolge 1. Güte,I,Staunässe,1,1 - Ackerbaugebiet,3I,1988-97,BoKa-ZH,30757.54292528,1358.32245526331
3,3 - Getreidebetonte Fruchtfolge 1. Güte,G,Nutzbarer Wurzelraum (Gründigkeit),1,1 - Ackerbaugebiet,3G,1988-97,BoKa-ZH,40643.85428711,1662.2031399144303
5,5 - Futterbaubetonte Fruchtfolge,F,Fremdnässe,1,1 - Ackerbaugebiet,5F,1988-97,BoKa-ZH,17497.276998195,939.4362059154231
1-5,Bereich 1-5,kA,keine Angabe,1,1 - Ackerbaugebiet,1-5,2009,FFF-Revision 09,151.95288788,311.731843123016
1-5,Bereich 1-5,kA,keine Angabe,1,1 - Ackerbaugebiet,1-5,2009,FFF-Revision 09,7536.468727065,452.029524811009
5,5 - Futterbaubetonte Fruchtfolge,kA,keine Angabe,3,3 - Übergangsgebiet futterbaubetont,5,2009,FFF-Revision 09,11535.58963955,432.81405611293104
7,7 - Gutes bis mässig gutes Wies- und Weideland,N,Hangneigung,1,1 - Ackerbaugebiet,7N,1988-97,BoKa-ZH,6465.3004775,349.889650286866
6,"6 - Futterbau bevorzugt, Ackerbau stark eingeschränkt",A,Bodenart,1,1 - Ackerbaugebiet,6A,1988-97,BoKa-ZH,24592.39961,1131.72573562854
6,"6 - Futterbau bevorzugt, Ackerbau stark eingeschränkt",R,Hangneigung FFF,1,1 - Ackerbaugebiet,6R,2009,FFF-Revision 09 (BoKa-ZH),186.363851205,79.5675006139056
6,"6 - Futterbau bevorzugt, Ackerbau stark eingeschränkt",R,Hangneigung FFF,1,1 - Ackerbaugebiet,6R,2009,FFF-Revision 09 (BoKa-ZH),306.43573295,109.13644934425501
7,7 - Gutes bis mässig gutes Wies- und Weideland,R,Hangneigung FFF,1,1 - Ackerbaugebiet,7R,2009,FFF-Revision 09 (BoKa-ZH),1372.992968,188.492795788203
6,"6 - Futterbau bevorzugt, Ackerbau stark eingeschränkt",R,Hangneigung FFF,1,1 - Ackerbaugebiet,6R,2009,FFF-Revision 09 (BoKa-ZH),2972.665356,591.8256775754691
6,"6 - Futterbau bevorzugt, Ackerbau stark eingeschränkt",R,Hangneigung FFF,1,1 - Ackerbaugebiet,6R,2009,FFF-Revision 09 (BoKa-ZH),303.3175373,149.63078700487503
1-5,Bereich 1-5,kA,keine Angabe,1,1 - Ackerbaugebiet,1-5,2009,FFF-Revision 09,612.07224447,381.78395107328004
6,"6 - Futterbau bevorzugt, Ackerbau stark eingeschränkt",R,Hangneigung FFF,1,1 - Ackerbaugebiet,6R,2009,FFF-Revision 09 (BoKa-ZH),165.4829108,69.7326094396737
7,7 - Gutes bis mässig gutes Wies- und Weideland,R,Hangneigung FFF,1,1 - Ackerbaugebiet,7R,2009,FFF-Revision 09 (BoKa-ZH),15895.73730122,1373.94946000086
7,7 - Gutes bis mässig gutes Wies- und Weideland,L,Lage im Relief,1,1 - Ackerbaugebiet,7L,1988-97,BoKa-ZH (Einzelfall),3119.849431265,255.978898053022
5,5 - Futterbaubetonte Fruchtfolge,N,Hangneigung,2,2 - Übergangsgebiet ackerbaubetont,5N,1988-97,BoKa-ZH,2762.63842644,453.329954343049
2,2 - Uneingeschränkte Fruchtfolge 2. Güte,S,Bodenskelett,2,2 - Übergangsgebiet ackerbaubetont,2S,1988-97,BoKa-ZH,23256.534404175,651.0758527002041
5,5 - Futterbaubetonte Fruchtfolge,N,Hangneigung,1,1 - Ackerbaugebiet,5N,1988-97,BoKa-ZH,9619.152064545,806.286649399245
7,7 - Gutes bis mässig gutes Wies- und Weideland,R,Hangneigung FFF,2,2 - Übergangsgebiet ackerbaubetont,7R,2009,FFF-Revision 09 (BoKa-ZH),1380.11632639,277.101092231057
6,"6 - Futterbau bevorzugt, Ackerbau stark eingeschränkt",R,Hangneigung FFF,2,2 - Übergangsgebiet ackerbaubetont,6R,2009,FFF-Revision 09 (BoKa-ZH),2032.297922605,243.747832537019
6,"6 - Futterbau bevorzugt, Ackerbau stark eingeschränkt",N,Hangneigung,1,1 - Ackerbaugebiet,6N,1988-97,BoKa-ZH,28798.47809298,1104.77815335981
7,7 - Gutes bis mässig gutes Wies- und Weideland,N,Hangneigung,2,2 - Übergangsgebiet ackerbaubetont,7N,1988-97,BoKa-ZH,16998.19777616,773.142230966291
6,"6 - Futterbau bevorzugt, Ackerbau stark eingeschränkt",R,Hangneigung FFF,2,2 - Übergangsgebiet ackerbaubetont,6R,2009,FFF-Revision 09 (BoKa-ZH),667.3828425949999,113.592904348417
6,"6 - Futterbau bevorzugt, Ackerbau stark eingeschränkt",R,Hangneigung FFF,1,1 - Ackerbaugebiet,6R,2009,FFF-Revision 09 (BoKa-ZH),5.211207,23.617339629164096
6,"6 - Futterbau bevorzugt, Ackerbau stark eingeschränkt",F,Fremdnässe,1,1 - Ackerbaugebiet,6F,1988-97,BoKa-ZH,12176.220138095,949.451201381044
5,5 - Futterbaubetonte Fruchtfolge,F,Fremdnässe,1,1 - Ackerbaugebiet,5F,1988-97,BoKa-ZH,56784.521966845,1748.25101845554
9,9 - Extensives Wies- und Weideland,N,Hangneigung,2,2 - Übergangsgebiet ackerbaubetont,9N,1988-97,BoKa-ZH,3329.43209797,364.155350283229
5,5 - Futterbaubetonte Fruchtfolge,kA,keine Angabe,3,3 - Übergangsgebiet futterbaubetont,5,2009,FFF-Revision 09,23.536066675,38.040868214505494
5,5 - Futterbaubetonte Fruchtfolge,L,Lage im Relief,2,2 - Übergangsgebiet ackerbaubetont,5L,1988-97,BoKa-ZH (Einzelfall),28259.2278698,679.3694287940881
6,"6 - Futterbau bevorzugt, Ackerbau stark eingeschränkt",R,Hangneigung FFF,1,1 - Ackerbaugebiet,6R,2009,FFF-Revision 09 (BoKa-ZH),678.73630755,270.73225835181006
1-5,Bereich 1-5,kA,keine Angabe,1,1 - Ackerbaugebiet,1-5,2009,FFF-Revision 09,7481.41611569,350.79009892091
6,"6 - Futterbau bevorzugt, Ackerbau stark eingeschränkt",kA,keine Angabe,1,1 - Ackerbaugebiet,6,2009,FFF-Revision 09,195.8104862,64.14537989845209
3,3 - Getreidebetonte Fruchtfolge 1. Güte,S,Bodenskelett,1,1 - Ackerbaugebiet,3S,2009,FFF-Revision 09 (BoKa-ZH),9383.298241085,389.61775823813804
7,7 - Gutes bis mässig gutes Wies- und Weideland,L,Lage im Relief,2,2 - Übergangsgebiet ackerbaubetont,7L,1988-97,BoKa-ZH (Einzelfall),5644.32385801,325.957191620555
7,7 - Gutes bis mässig gutes Wies- und Weideland,N,Hangneigung,2,2 - Übergangsgebiet ackerbaubetont,7N,2009,FFF-Revision 09 (BoKa-ZH),13703.55579841,571.864717747455
3,3 - Getreidebetonte Fruchtfolge 1. Güte,N,Hangneigung,2,2 - Übergangsgebiet ackerbaubetont,3N,2009,FFF-Revision 09 (BoKa-ZH),84200.98790999,2975.93125796923
3,3 - Getreidebetonte Fruchtfolge 1. Güte,I,Staunässe,1,1 - Ackerbaugebiet,3I,1988-97,BoKa-ZH (Einzelfall),35803.234465185,1463.04057456484
9,9 - Extensives Wies- und Weideland,L,Lage im Relief,4,4 - Futterbaugebiet,9L,1988-97,BoKa-ZH (Einzelfall),2705.04769135,321.484474781022
6,"6 - Futterbau bevorzugt, Ackerbau stark eingeschränkt",kA,keine Angabe,3,3 - Übergangsgebiet futterbaubetont,6,2009,FFF-Revision 09,3001.3355914149997,331.86224511543605
7,7 - Gutes bis mässig gutes Wies- und Weideland,N,Hangneigung,3,3 - Übergangsgebiet futterbaubetont,7N,1988-97,BoKa-ZH,7317.24598299,462.12118787184204
3,3 - Getreidebetonte Fruchtfolge 1. Güte,I,Staunässe,1,1 - Ackerbaugebiet,3I,1988-97,BoKa-ZH,5985.48378015,538.371066314829
6,"6 - Futterbau bevorzugt, Ackerbau stark eingeschränkt",R,Hangneigung FFF,1,1 - Ackerbaugebiet,6R,2009,FFF-Revision 09 (BoKa-ZH),2348.12428993,455.838126553805
3,3 - Getreidebetonte Fruchtfolge 1. Güte,S,Bodenskelett,1,1 - Ackerbaugebiet,3S,1988-97,BoKa-ZH (Einzelfall),49556.81677856,1370.05183868027
6,"6 - Futterbau bevorzugt, Ackerbau stark eingeschränkt",R,Hangneigung FFF,1,1 - Ackerbaugebiet,6R,2009,FFF-Revision 09 (BoKa-ZH),1968.539579,366.44642413911805
5,5 - Futterbaubetonte Fruchtfolge,N,Hangneigung,1,1 - Ackerbaugebiet,5N,1988-97,BoKa-ZH,287.831476,185.540141333695
6,"6 - Futterbau bevorzugt, Ackerbau stark eingeschränkt",R,Hangneigung FFF,1,1 - Ackerbaugebiet,6R,2009,FFF-Revision 09 (BoKa-ZH),246.132247745,166.59319376630103
3,3 - Getreidebetonte Fruchtfolge 1. Güte,G,Nutzbarer Wurzelraum (Gründigkeit),1,1 - Ackerbaugebiet,3G,1988-97,BoKa-ZH,8285.26271623,434.07504576621807
1-5,Bereich 1-5,kA,keine Angabe,1,1 - Ackerbaugebiet,1-5,2009,FFF-Revision 09,245.960609725,78.8851471086961
3,3 - Getreidebetonte Fruchtfolge 1. Güte,S,Bodenskelett,1,1 - Ackerbaugebiet,3S,1988-97,BoKa-ZH,29145.057719394998,847.6148138266091
7,7 - Gutes bis mässig gutes Wies- und Weideland,L,Lage im Relief,1,1 - Ackerbaugebiet,7L,1988-97,BoKa-ZH (Einzelfall),8198.70724624,357.605506788901
6,"6 - Futterbau bevorzugt, Ackerbau stark eingeschränkt",kA,keine Angabe,3,3 - Übergangsgebiet futterbaubetont,6,2009,FFF-Revision 09,323.930803235,119.549599584461
1-5,Bereich 1-5,kA,keine Angabe,1,1 - Ackerbaugebiet,1-5,2009,FFF-Revision 09,17.62603809,127.71852021348701
6,"6 - Futterbau bevorzugt, Ackerbau stark eingeschränkt",R,Hangneigung FFF,1,1 - Ackerbaugebiet,6R,2009,FFF-Revision 09 (BoKa-ZH),1385.1211436550002,234.845135591152
1-5,Bereich 1-5,kA,keine Angabe,1,1 - Ackerbaugebiet,1-5,2009,FFF-Revision 09,2165.98963738,594.273281725751
6,"6 - Futterbau bevorzugt, Ackerbau stark eingeschränkt",I,Staunässe,1,1 - Ackerbaugebiet,6I,1988-97,BoKa-ZH,85027.8984831,2789.4787138012703
6,"6 - Futterbau bevorzugt, Ackerbau stark eingeschränkt",R,Hangneigung FFF,1,1 - Ackerbaugebiet,6R,2009,FFF-Revision 09 (BoKa-ZH),1530.19299589,295.889792118305
7,7 - Gutes bis mässig gutes Wies- und Weideland,R,Hangneigung FFF,1,1 - Ackerbaugebiet,7R,2009,FFF-Revision 09 (BoKa-ZH),751.8729761,187.722458967431
2,2 - Uneingeschränkte Fruchtfolge 2. Güte,S,Bodenskelett,1,1 - Ackerbaugebiet,2S,1988-97,BoKa-ZH (Einzelfall),19106.07647187,551.287582608052
1-5,Bereich 1-5,kA,keine Angabe,1,1 - Ackerbaugebiet,1-5,2009,FFF-Revision 09,1153.85614871,1061.24551915756
5,5 - Futterbaubetonte Fruchtfolge,kA,keine Angabe,3,3 - Übergangsgebiet futterbaubetont,5,2009,FFF-Revision 09,402.13745295,186.975119533835
8,8 - Wiesland (wegen Nässe nur zum Mähen geeignet),F,Fremdnässe,3,3 - Übergangsgebiet futterbaubetont,8F,1988-97,BoKa-ZH,6760.3563664,347.37137773917203
5,5 - Futterbaubetonte Fruchtfolge,kA,keine Angabe,3,3 - Übergangsgebiet futterbaubetont,5,2009,FFF-Revision 09,9485.568015775,645.898020452914
5,5 - Futterbaubetonte Fruchtfolge,L,Lage im Relief,1,1 - Ackerbaugebiet,5L,1988-97,BoKa-ZH (Einzelfall),4554.87264672,277.709465043077
7,7 - Gutes bis mässig gutes Wies- und Weideland,L,Lage im Relief,1,1 - Ackerbaugebiet,7L,1988-97,BoKa-ZH (Einzelfall),9591.47677267,433.12901370642703
3,3 - Getreidebetonte Fruchtfolge 1. Güte,G,Nutzbarer Wurzelraum (Gründigkeit),1,1 - Ackerbaugebiet,3G,1988-97,BoKa-ZH,1832.0422815,180.19568394871
1-5,Bereich 1-5,kA,keine Angabe,1,1 - Ackerbaugebiet,1-5,2009,FFF-Revision 09,3285.65659318,341.725908480247
6,"6 - Futterbau bevorzugt, Ackerbau stark eingeschränkt",R,Hangneigung FFF,1,1 - Ackerbaugebiet,6R,2009,FFF-Revision 09 (BoKa-ZH),20.477593,53.77026218484419
2,2 - Uneingeschränkte Fruchtfolge 2. Güte,S,Bodenskelett,1,1 - Ackerbaugebiet,2S,1988-97,BoKa-ZH,54932.5185257,1901.54872781955
5,5 - Futterbaubetonte Fruchtfolge,F,Fremdnässe,1,1 - Ackerbaugebiet,5F,1988-97,BoKa-ZH,20883.721580395002,1044.10774838325
3,3 - Getreidebetonte Fruchtfolge 1. Güte,S,Bodenskelett,1,1 - Ackerbaugebiet,3S,1988-97,BoKa-ZH (Einzelfall),7200.66978591,380.338127129153
1-5,Bereich 1-5,kA,keine Angabe,1,1 - Ackerbaugebiet,1-5,2009,FFF-Revision 09,279.24637353,243.703712348892
7,7 - Gutes bis mässig gutes Wies- und Weideland,F,Fremdnässe,1,1 - Ackerbaugebiet,7F,1988-97,BoKa-ZH,6050.675329365,320.85797833379604
2,2 - Uneingeschränkte Fruchtfolge 2. Güte,S,Bodenskelett,1,1 - Ackerbaugebiet,2S,1988-97,BoKa-ZH,305548.678766415,4902.08648867151
4,4 - Getreidebetonte Fruchtfolge 2. Güte,G,Nutzbarer Wurzelraum (Gründigkeit),1,1 - Ackerbaugebiet,4G,2009,FFF-Revision 09 (BoKa-ZH),8750.73601754,745.818097062691
5,5 - Futterbaubetonte Fruchtfolge,N,Hangneigung,1,1 - Ackerbaugebiet,5N,1988-97,BoKa-ZH,7190.60919669,568.735183964702
1-5,Bereich 1-5,kA,keine Angabe,1,1 - Ackerbaugebiet,1-5,2009,FFF-Revision 09,24373.827746755,717.319686841952
6,"6 - Futterbau bevorzugt, Ackerbau stark eingeschränkt",R,Hangneigung FFF,1,1 - Ackerbaugebiet,6R,2009,FFF-Revision 09 (BoKa-ZH),9341.007116795,678.952942170037
3,3 - Getreidebetonte Fruchtfolge 1. Güte,I,Staunässe,1,1 - Ackerbaugebiet,3I,1988-97,BoKa-ZH,79200.963939915,1993.26055249734
1-5,Bereich 1-5,kA,keine Angabe,1,1 - Ackerbaugebiet,1-5,2009,FFF-Revision 09,6891.957288435,398.780078453185
9,9 - Extensives Wies- und Weideland,N,Hangneigung,1,1 - Ackerbaugebiet,9N,1988-97,BoKa-ZH,19584.08838781,973.2474295141
7,7 - Gutes bis mässig gutes Wies- und Weideland,R,Hangneigung FFF,1,1 - Ackerbaugebiet,7R,2009,FFF-Revision 09 (BoKa-ZH),10087.5746209,915.79265208212
6,"6 - Futterbau bevorzugt, Ackerbau stark eingeschränkt",kA,keine Angabe,1,1 - Ackerbaugebiet,6,2009,FFF-Revision 09,368.12772884,78.31660849771701
6,"6 - Futterbau bevorzugt, Ackerbau stark eingeschränkt",R,Hangneigung FFF,2,2 - Übergangsgebiet ackerbaubetont,6R,2009,FFF-Revision 09 (BoKa-ZH),5286.64233411,549.523044731601
2,2 - Uneingeschränkte Fruchtfolge 2. Güte,S,Bodenskelett,1,1 - Ackerbaugebiet,2S,1988-97,BoKa-ZH,27961.25438859,1087.15374962291
2-5,Bereich 2-5,kA,keine Angabe,2,2 - Übergangsgebiet ackerbaubetont,2-5,2009,FFF-Revision 09,2251.7229229050004,742.619351396808
1-5,Bereich 1-5,kA,keine Angabe,1,1 - Ackerbaugebiet,1-5,2009,FFF-Revision 09,3491.3411084450004,237.662621151685
7,7 - Gutes bis mässig gutes Wies- und Weideland,A,Bodenart,3,3 - Übergangsgebiet futterbaubetont,7A,1988-97,BoKa-ZH,11488.5649972,549.123952205457
6,"6 - Futterbau bevorzugt, Ackerbau stark eingeschränkt",kA,keine Angabe,2,2 - Übergangsgebiet ackerbaubetont,6,2009,FFF-Revision 09,442.91478639,95.3341586610522
6,"6 - Futterbau bevorzugt, Ackerbau stark eingeschränkt",R,Hangneigung FFF,1,1 - Ackerbaugebiet,6R,2009,FFF-Revision 09 (BoKa-ZH),513.87291537,144.09717346414402
2,2 - Uneingeschränkte Fruchtfolge 2. Güte,S,Bodenskelett,1,1 - Ackerbaugebiet,2S,1988-97,BoKa-ZH,27855.17018107,665.1107941079721
1-5,Bereich 1-5,kA,keine Angabe,1,1 - Ackerbaugebiet,1-5,2009,FFF-Revision 09,313.816039295,219.39024491122703
3,3 - Getreidebetonte Fruchtfolge 1. Güte,S,Bodenskelett,1,1 - Ackerbaugebiet,3S,1988-97,BoKa-ZH,95955.47532497,3982.1099000736303
3,3 - Getreidebetonte Fruchtfolge 1. Güte,S,Bodenskelett,1,1 - Ackerbaugebiet,3S,2009,FFF-Revision 09 (BoKa-ZH),2062.380272085,209.466195775046
7,7 - Gutes bis mässig gutes Wies- und Weideland,L,Lage im Relief,2,2 - Übergangsgebiet ackerbaubetont,7L,1988-97,BoKa-ZH (Einzelfall),3667.727202125,307.99698715340304
5,5 - Futterbaubetonte Fruchtfolge,E,Erosion,3,3 - Übergangsgebiet futterbaubetont,5E,1988-97,BoKa-ZH,5446.3773139,317.368670131567
5,5 - Futterbaubetonte Fruchtfolge,B,Klimatisches Nutzungsgebiet,3,3 - Übergangsgebiet futterbaubetont,5B,1988-97,BoKa-ZH,22164.30465794,781.362731770537
6,"6 - Futterbau bevorzugt, Ackerbau stark eingeschränkt",R,Hangneigung FFF,1,1 - Ackerbaugebiet,6R,2009,FFF-Revision 09 (BoKa-ZH),1756.00791155,725.88697950102
7,7 - Gutes bis mässig gutes Wies- und Weideland,N,Hangneigung,1,1 - Ackerbaugebiet,7N,1988-97,BoKa-ZH,18269.400826775003,1006.1862709631502
2,2 - Uneingeschränkte Fruchtfolge 2. Güte,S,Bodenskelett,1,1 - Ackerbaugebiet,2S,1988-97,BoKa-ZH,15774.51319604,1049.48784719039
3,3 - Getreidebetonte Fruchtfolge 1. Güte,I,Staunässe,1,1 - Ackerbaugebiet,3I,1988-97,BoKa-ZH,53687.608016695,2939.4233516046297
2,2 - Uneingeschränkte Fruchtfolge 2. Güte,S,Bodenskelett,1,1 - Ackerbaugebiet,2S,1988-97,BoKa-ZH,7428.276472315,347.068977922835
5,5 - Futterbaubetonte Fruchtfolge,F,Fremdnässe,1,1 - Ackerbaugebiet,5F,1988-97,BoKa-ZH,10820.929567375,463.003131626095
2,2 - Uneingeschränkte Fruchtfolge 2. Güte,S,Bodenskelett,1,1 - Ackerbaugebiet,2S,1988-97,BoKa-ZH,31928.66817033,1172.84738192454
6,"6 - Futterbau bevorzugt, Ackerbau stark eingeschränkt",F,Fremdnässe,1,1 - Ackerbaugebiet,6F,1988-97,BoKa-ZH,8859.4118365,404.712440845552
3,3 - Getreidebetonte Fruchtfolge 1. Güte,S,Bodenskelett,1,1 - Ackerbaugebiet,3S,2009,FFF-Revision 09 (BoKa-ZH),6219.1334561,527.515921906312
7,7 - Gutes bis mässig gutes Wies- und Weideland,N,Hangneigung,4,4 - Futterbaugebiet,7N,1988-97,BoKa-ZH,15310.243423435,1130.0066528402901
7,7 - Gutes bis mässig gutes Wies- und Weideland,N,Hangneigung,1,1 - Ackerbaugebiet,7N,2009,FFF-Revision 09 (BoKa-ZH),7700.586256275,433.35247127953204
5,5 - Futterbaubetonte Fruchtfolge,L,Lage im Relief,1,1 - Ackerbaugebiet,5L,1988-97,BoKa-ZH (Einzelfall),3352.61794426,324.940342147576
3,3 - Getreidebetonte Fruchtfolge 1. Güte,I,Staunässe,1,1 - Ackerbaugebiet,3I,1988-97,BoKa-ZH,9913.999131954999,547.111868463532
6,"6 - Futterbau bevorzugt, Ackerbau stark eingeschränkt",R,Hangneigung FFF,1,1 - Ackerbaugebiet,6R,2009,FFF-Revision 09 (BoKa-ZH),4172.993387445,609.2281112083721
7,7 - Gutes bis mässig gutes Wies- und Weideland,A,Bodenart,3,3 - Übergangsgebiet futterbaubetont,7A,1988-97,BoKa-ZH,18558.132114655,687.516812964067
6,"6 - Futterbau bevorzugt, Ackerbau stark eingeschränkt",R,Hangneigung FFF,3,3 - Übergangsgebiet futterbaubetont,6R,2009,FFF-Revision 09 (BoKa-ZH),10.3132988,20.099070772625396
7,7 - Gutes bis mässig gutes Wies- und Weideland,G,Nutzbarer Wurzelraum (Gründigkeit),3,3 - Übergangsgebiet futterbaubetont,7G,1988-97,BoKa-ZH (Einzelfall),11204.51530109,554.6351105799531
1-5,Bereich 1-5,kA,keine Angabe,1,1 - Ackerbaugebiet,1-5,2009,FFF-Revision 09,1.12452691,25.832136356431
5,5 - Futterbaubetonte Fruchtfolge,L,Lage im Relief,1,1 - Ackerbaugebiet,5L,1988-97,BoKa-ZH (Einzelfall),11183.49159454,515.2852836355901
5,5 - Futterbaubetonte Fruchtfolge,L,Lage im Relief,1,1 - Ackerbaugebiet,5L,1988-97,BoKa-ZH (Einzelfall),23221.692952985,845.186596636086
5,5 - Futterbaubetonte Fruchtfolge,B,Klimatisches Nutzungsgebiet,3,3 - Übergangsgebiet futterbaubetont,5B,1988-97,BoKa-ZH,24528.510359155003,666.891721026007
1-5,Bereich 1-5,kA,keine Angabe,1,1 - Ackerbaugebiet,1-5,2009,FFF-Revision 09,28224.833906915002,1449.2859847203301
6,"6 - Futterbau bevorzugt, Ackerbau stark eingeschränkt",kA,keine Angabe,1,1 - Ackerbaugebiet,6,2009,FFF-Revision 09,32267.52892307,1252.25543088186
7,7 - Gutes bis mässig gutes Wies- und Weideland,R,Hangneigung FFF,1,1 - Ackerbaugebiet,7R,2009,FFF-Revision 09 (BoKa-ZH),1872.8954046350002,323.617907779951
2,2 - Uneingeschränkte Fruchtfolge 2. Güte,A,Bodenart,1,1 - Ackerbaugebiet,2A,1988-97,BoKa-ZH,10895.8329595,524.3507275511611
2,2 - Uneingeschränkte Fruchtfolge 2. Güte,S,Bodenskelett,1,1 - Ackerbaugebiet,2S,1988-97,BoKa-ZH,358892.53034938505,7645.65077109567
1-5,Bereich 1-5,kA,keine Angabe,1,1 - Ackerbaugebiet,1-5,2009,FFF-Revision 09,393.375743895,176.89110827916
6,"6 - Futterbau bevorzugt, Ackerbau stark eingeschränkt",R,Hangneigung FFF,1,1 - Ackerbaugebiet,6R,2009,FFF-Revision 09,170.21882128500002,74.6539322376679
7,7 - Gutes bis mässig gutes Wies- und Weideland,R,Hangneigung FFF,1,1 - Ackerbaugebiet,7R,2009,FFF-Revision 09 (BoKa-ZH),164.4955529,69.148451482452
5,5 - Futterbaubetonte Fruchtfolge,L,Lage im Relief,1,1 - Ackerbaugebiet,5L,1988-97,BoKa-ZH (Einzelfall),3003.51506171,225.74514300613401
3,3 - Getreidebetonte Fruchtfolge 1. Güte,G,Nutzbarer Wurzelraum (Gründigkeit),1,1 - Ackerbaugebiet,3G,1988-97,BoKa-ZH,70952.46130284501,1401.51344228883
6,"6 - Futterbau bevorzugt, Ackerbau stark eingeschränkt",R,Hangneigung FFF,1,1 - Ackerbaugebiet,6R,2009,FFF-Revision 09,30.076479,128.231056563999
2,2 - Uneingeschränkte Fruchtfolge 2. Güte,S,Bodenskelett,1,1 - Ackerbaugebiet,2S,1988-97,BoKa-ZH,3674.5156659450004,391.24582481402905
6,"6 - Futterbau bevorzugt, Ackerbau stark eingeschränkt",R,Hangneigung FFF,1,1 - Ackerbaugebiet,6R,2009,FFF-Revision 09 (BoKa-ZH),1699.627365645,279.736545077407
1-5,Bereich 1-5,kA,keine Angabe,1,1 - Ackerbaugebiet,1-5,2009,FFF-Revision 09,548.2995726,475.318698605098
5,5 - Futterbaubetonte Fruchtfolge,F,Fremdnässe,1,1 - Ackerbaugebiet,5F,1988-97,BoKa-ZH,35532.59442404,1705.7087682102201
2,2 - Uneingeschränkte Fruchtfolge 2. Güte,G,Nutzbarer Wurzelraum (Gründigkeit),1,1 - Ackerbaugebiet,2G,1988-97,BoKa-ZH,43572.25014171,923.547672291096
1-5,Bereich 1-5,kA,keine Angabe,1,1 - Ackerbaugebiet,1-5,2009,FFF-Revision 09,1410.75852485,585.755467557147
5,5 - Futterbaubetonte Fruchtfolge,E,Erosion,1,1 - Ackerbaugebiet,5E,1988-97,BoKa-ZH,46966.71649496,1676.95159431875
2,2 - Uneingeschränkte Fruchtfolge 2. Güte,S,Bodenskelett,1,1 - Ackerbaugebiet,2S,1988-97,BoKa-ZH,20756.662800675,1067.3803338822001
2,2 - Uneingeschränkte Fruchtfolge 2. Güte,S,Bodenskelett,1,1 - Ackerbaugebiet,2S,1988-97,BoKa-ZH,2276.56266515,203.793721669509
1-5,Bereich 1-5,kA,keine Angabe,1,1 - Ackerbaugebiet,1-5,2009,FFF-Revision 09,15845.252164315,574.296131428277
1-5,Bereich 1-5,kA,keine Angabe,1,1 - Ackerbaugebiet,1-5,2009,FFF-Revision 09,8436.64811843,634.0165474146571
3,3 - Getreidebetonte Fruchtfolge 1. Güte,G,Nutzbarer Wurzelraum (Gründigkeit),1,1 - Ackerbaugebiet,3G,1988-97,BoKa-ZH,28834.150895705003,887.0333429145761
5,5 - Futterbaubetonte Fruchtfolge,F,Fremdnässe,1,1 - Ackerbaugebiet,5F,1988-97,BoKa-ZH,19508.471758215,774.50357008926
3,3 - Getreidebetonte Fruchtfolge 1. Güte,G,Nutzbarer Wurzelraum (Gründigkeit),1,1 - Ackerbaugebiet,3G,1988-97,BoKa-ZH,132060.818607705,2730.12573132034
2,2 - Uneingeschränkte Fruchtfolge 2. Güte,Z,Zustand Gefüge,1,1 - Ackerbaugebiet,2Z,1988-97,BoKa-ZH (Einzelfall),22319.424374185,984.361869697669
6,"6 - Futterbau bevorzugt, Ackerbau stark eingeschränkt",R,Hangneigung FFF,1,1 - Ackerbaugebiet,6R,2009,FFF-Revision 09 (BoKa-ZH),3585.023085795,1216.0509307908198
7,7 - Gutes bis mässig gutes Wies- und Weideland,R,Hangneigung FFF,1,1 - Ackerbaugebiet,7R,2009,FFF-Revision 09 (BoKa-ZH),11777.705923735,1171.30030342603
6,"6 - Futterbau bevorzugt, Ackerbau stark eingeschränkt",N,Hangneigung,1,1 - Ackerbaugebiet,6N,1988-97,BoKa-ZH,10501.51233544,1036.3130788944302
6,"6 - Futterbau bevorzugt, Ackerbau stark eingeschränkt",R,Hangneigung FFF,1,1 - Ackerbaugebiet,6R,2009,FFF-Revision 09 (BoKa-ZH),396.4623595,141.762903382414
5,5 - Futterbaubetonte Fruchtfolge,N,Hangneigung,1,1 - Ackerbaugebiet,5N,1988-97,BoKa-ZH,3044.38131279,308.44829890143603
5,5 - Futterbaubetonte Fruchtfolge,N,Hangneigung,2,2 - Übergangsgebiet ackerbaubetont,5N,1988-97,BoKa-ZH,255.61320405,82.86464246876889
7,7 - Gutes bis mässig gutes Wies- und Weideland,N,Hangneigung,1,1 - Ackerbaugebiet,7N,1988-97,BoKa-ZH,41350.981148965,1585.96115954253
9,9 - Extensives Wies- und Weideland,N,Hangneigung,2,2 - Übergangsgebiet ackerbaubetont,9N,2009,FFF-Revision 09 (BoKa-ZH),6109.33919259,382.69404517169903
6,"6 - Futterbau bevorzugt, Ackerbau stark eingeschränkt",R,Hangneigung FFF,2,2 - Übergangsgebiet ackerbaubetont,6R,2009,FFF-Revision 09 (BoKa-ZH),5008.519823515,630.301743434336
7,7 - Gutes bis mässig gutes Wies- und Weideland,N,Hangneigung,2,2 - Übergangsgebiet ackerbaubetont,7N,1988-97,BoKa-ZH,3717.30012545,350.370547607167
3,3 - Getreidebetonte Fruchtfolge 1. Güte,S,Bodenskelett,1,1 - Ackerbaugebiet,3S,1988-97,BoKa-ZH,213092.49920842,4180.44930616028
7,7 - Gutes bis mässig gutes Wies- und Weideland,N,Hangneigung,2,2 - Übergangsgebiet ackerbaubetont,7N,2009,FFF-Revision 09 (BoKa-ZH),11347.83646365,606.6859402468081
1-5,Bereich 1-5,kA,keine Angabe,1,1 - Ackerbaugebiet,1-5,2009,FFF-Revision 09,155.14564899500002,185.91247645398101
3,3 - Getreidebetonte Fruchtfolge 1. Güte,S,Bodenskelett,1,1 - Ackerbaugebiet,3S,2009,FFF-Revision 09 (BoKa-ZH),23514.467580655,679.8000833750141
2,2 - Uneingeschränkte Fruchtfolge 2. Güte,G,Nutzbarer Wurzelraum (Gründigkeit),1,1 - Ackerbaugebiet,2G,1988-97,BoKa-ZH (Einzelfall),33283.631978645,957.771111931817
6,"6 - Futterbau bevorzugt, Ackerbau stark eingeschränkt",R,Hangneigung FFF,1,1 - Ackerbaugebiet,6R,2009,FFF-Revision 09 (BoKa-ZH),7613.4988646,1061.88992953989
6,"6 - Futterbau bevorzugt, Ackerbau stark eingeschränkt",R,Hangneigung FFF,1,1 - Ackerbaugebiet,6R,2009,FFF-Revision 09 (BoKa-ZH),7508.00570945,819.5454700254901
3,3 - Getreidebetonte Fruchtfolge 1. Güte,S,Bodenskelett,1,1 - Ackerbaugebiet,3S,2009,FFF-Revision 09 (BoKa-ZH),74408.14483913,2543.9596579122103
2-5,Bereich 2-5,kA,keine Angabe,2,2 - Übergangsgebiet ackerbaubetont,2-5,2009,FFF-Revision 09,3105.93666949,353.040606776692
4,4 - Getreidebetonte Fruchtfolge 2. Güte,N,Hangneigung,2,2 - Übergangsgebiet ackerbaubetont,4N,2009,FFF-Revision 09 (BoKa-ZH),21649.393399714998,1030.47449632024
3,3 - Getreidebetonte Fruchtfolge 1. Güte,S,Bodenskelett,1,1 - Ackerbaugebiet,3S,2009,FFF-Revision 09 (BoKa-ZH),16610.9581841,723.795392488669
3,3 - Getreidebetonte Fruchtfolge 1. Güte,G,Nutzbarer Wurzelraum (Gründigkeit),1,1 - Ackerbaugebiet,3G,1988-97,BoKa-ZH,438.494629,103.463247246191
3,3 - Getreidebetonte Fruchtfolge 1. Güte,S,Bodenskelett,1,1 - Ackerbaugebiet,3S,2009,FFF-Revision 09 (BoKa-ZH),7182.61913085,454.60913150511
6,"6 - Futterbau bevorzugt, Ackerbau stark eingeschränkt",R,Hangneigung FFF,1,1 - Ackerbaugebiet,6R,2009,FFF-Revision 09 (BoKa-ZH),139.5780855,60.9304990342498
2,2 - Uneingeschränkte Fruchtfolge 2. Güte,S,Bodenskelett,1,1 - Ackerbaugebiet,2S,1988-97,BoKa-ZH,5345.63346683,424.317077746603
1-5,Bereich 1-5,kA,keine Angabe,1,1 - Ackerbaugebiet,1-5,2009,FFF-Revision 09,840.652555,563.348659783999
3,3 - Getreidebetonte Fruchtfolge 1. Güte,N,Hangneigung,2,2 - Übergangsgebiet ackerbaubetont,3N,2009,FFF-Revision 09 (BoKa-ZH),12117.284090255002,493.086230814921
4,4 - Getreidebetonte Fruchtfolge 2. Güte,G,Nutzbarer Wurzelraum (Gründigkeit),2,2 - Übergangsgebiet ackerbaubetont,4G,2009,FFF-Revision 09 (BoKa-ZH),8789.44012503,483.90452383609204
3,3 - Getreidebetonte Fruchtfolge 1. Güte,N,Hangneigung,2,2 - Übergangsgebiet ackerbaubetont,3N,2009,FFF-Revision 09 (BoKa-ZH),15189.68797839,634.17910338051
6,"6 - Futterbau bevorzugt, Ackerbau stark eingeschränkt",L,Lage im Relief,3,3 - Übergangsgebiet futterbaubetont,6L,1988-97,BoKa-ZH (Einzelfall),9111.50421639,472.217823940287
3,3 - Getreidebetonte Fruchtfolge 1. Güte,I,Staunässe,2,2 - Übergangsgebiet ackerbaubetont,3I,1988-97,BoKa-ZH (Einzelfall),38261.246267495,1354.13601224548
3,3 - Getreidebetonte Fruchtfolge 1. Güte,I,Staunässe,2,2 - Übergangsgebiet ackerbaubetont,3I,1988-97,BoKa-ZH,7094.2986473,397.001658783982
4,4 - Getreidebetonte Fruchtfolge 2. Güte,G,Nutzbarer Wurzelraum (Gründigkeit),2,2 - Übergangsgebiet ackerbaubetont,4G,1988-97,BoKa-ZH (Einzelfall),10851.788245755,416.640543915492
3,3 - Getreidebetonte Fruchtfolge 1. Güte,B,Klimatisches Nutzungsgebiet,2,2 - Übergangsgebiet ackerbaubetont,3B,1988-97,BoKa-ZH (Einzelfall),143314.15451078,2346.62308407634
5,5 - Futterbaubetonte Fruchtfolge,N,Hangneigung,1,1 - Ackerbaugebiet,5N,1988-97,BoKa-ZH,4500.49259222,377.76913294075
4,4 - Getreidebetonte Fruchtfolge 2. Güte,G,Nutzbarer Wurzelraum (Gründigkeit),1,1 - Ackerbaugebiet,4G,2009,FFF-Revision 09 (BoKa-ZH),12671.809167135001,569.350958614781
1-5,Bereich 1-5,kA,keine Angabe,1,1 - Ackerbaugebiet,1-5,2009,FFF-Revision 09,197.6169912,57.4215570969441
6,"6 - Futterbau bevorzugt, Ackerbau stark eingeschränkt",B,Klimatisches Nutzungsgebiet,4,4 - Futterbaugebiet,6B,1988-97,BoKa-ZH,11660.818613084999,468.087676616919
3,3 - Getreidebetonte Fruchtfolge 1. Güte,I,Staunässe,1,1 - Ackerbaugebiet,3I,1988-97,BoKa-ZH,38611.21366285,1351.7650961470501
6,"6 - Futterbau bevorzugt, Ackerbau stark eingeschränkt",R,Hangneigung FFF,1,1 - Ackerbaugebiet,6R,2009,FFF-Revision 09 (BoKa-ZH),8.249597999999999,44.3124478522962
6,"6 - Futterbau bevorzugt, Ackerbau stark eingeschränkt",R,Hangneigung FFF,1,1 - Ackerbaugebiet,6R,2009,FFF-Revision 09 (BoKa-ZH),1469.4182991,264.209776628805
5,5 - Futterbaubetonte Fruchtfolge,F,Fremdnässe,1,1 - Ackerbaugebiet,5F,1988-97,BoKa-ZH,3530.4152709,253.297117578399
4,4 - Getreidebetonte Fruchtfolge 2. Güte,S,Bodenskelett,1,1 - Ackerbaugebiet,4S,2009,FFF-Revision 09 (BoKa-ZH),29958.612777375,1033.01221391803
6,"6 - Futterbau bevorzugt, Ackerbau stark eingeschränkt",R,Hangneigung FFF,1,1 - Ackerbaugebiet,6R,2009,FFF-Revision 09 (BoKa-ZH),193.55304968,116.976930789766
7,7 - Gutes bis mässig gutes Wies- und Weideland,L,Lage im Relief,1,1 - Ackerbaugebiet,7L,1988-97,BoKa-ZH (Einzelfall),4700.14427609,294.964467696925
1-5,Bereich 1-5,kA,keine Angabe,1,1 - Ackerbaugebiet,1-5,2009,FFF-Revision 09,3303.421807485,237.322111468321
6,"6 - Futterbau bevorzugt, Ackerbau stark eingeschränkt",kA,keine Angabe,1,1 - Ackerbaugebiet,6,2009,FFF-Revision 09,451.43044998,135.61762243572102
7,7 - Gutes bis mässig gutes Wies- und Weideland,R,Hangneigung FFF,1,1 - Ackerbaugebiet,7R,2009,FFF-Revision 09 (BoKa-ZH),515.26138565,122.81304279079801
5,5 - Futterbaubetonte Fruchtfolge,B,Klimatisches Nutzungsgebiet,3,3 - Übergangsgebiet futterbaubetont,5B,1988-97,BoKa-ZH,20931.451452465,569.7049289857421
6,"6 - Futterbau bevorzugt, Ackerbau stark eingeschränkt",N,Hangneigung,1,1 - Ackerbaugebiet,6N,1988-97,BoKa-ZH,36791.24925267,1449.0024420223
1-5,Bereich 1-5,kA,keine Angabe,1,1 - Ackerbaugebiet,1-5,2009,FFF-Revision 09,388.86094925,149.440352660797
3,3 - Getreidebetonte Fruchtfolge 1. Güte,I,Staunässe,1,1 - Ackerbaugebiet,3I,1988-97,BoKa-ZH,19268.36905266,877.796752958582
6,"6 - Futterbau bevorzugt, Ackerbau stark eingeschränkt",R,Hangneigung FFF,1,1 - Ackerbaugebiet,6R,2009,FFF-Revision 09 (BoKa-ZH),569.4202617,161.54755337703702
3,3 - Getreidebetonte Fruchtfolge 1. Güte,S,Bodenskelett,1,1 - Ackerbaugebiet,3S,1988-97,BoKa-ZH (Einzelfall),6044.02374495,328.606211476794
6,"6 - Futterbau bevorzugt, Ackerbau stark eingeschränkt",kA,keine Angabe,3,3 - Übergangsgebiet futterbaubetont,6,2009,FFF-Revision 09,3752.380182205,283.541265933631
5,5 - Futterbaubetonte Fruchtfolge,N,Hangneigung,1,1 - Ackerbaugebiet,5N,1988-97,BoKa-ZH,9933.82884558,863.776533638862
6,"6 - Futterbau bevorzugt, Ackerbau stark eingeschränkt",R,Hangneigung FFF,1,1 - Ackerbaugebiet,6R,2009,FFF-Revision 09,76.698267,150.223528865293
2,2 - Uneingeschränkte Fruchtfolge 2. Güte,G,Nutzbarer Wurzelraum (Gründigkeit),1,1 - Ackerbaugebiet,2G,1988-97,BoKa-ZH,13951.03831025,487.322214426574
7,7 - Gutes bis mässig gutes Wies- und Weideland,R,Hangneigung FFF,1,1 - Ackerbaugebiet,7R,2009,FFF-Revision 09 (BoKa-ZH),1740.893816,210.019781545903
7,7 - Gutes bis mässig gutes Wies- und Weideland,R,Hangneigung FFF,1,1 - Ackerbaugebiet,7R,2009,FFF-Revision 09 (BoKa-ZH),1651.7233969,265.016366137385
1-5,Bereich 1-5,kA,keine Angabe,1,1 - Ackerbaugebiet,1-5,2009,FFF-Revision 09,706.5191106,157.447853853367
6,"6 - Futterbau bevorzugt, Ackerbau stark eingeschränkt",R,Hangneigung FFF,1,1 - Ackerbaugebiet,6R,2009,FFF-Revision 09 (BoKa-ZH),2866.2317175,291.605801012815
2,2 - Uneingeschränkte Fruchtfolge 2. Güte,G,Nutzbarer Wurzelraum (Gründigkeit),1,1 - Ackerbaugebiet,2G,1988-97,BoKa-ZH (Einzelfall),21717.45837161,1101.59870249376
3,3 - Getreidebetonte Fruchtfolge 1. Güte,G,Nutzbarer Wurzelraum (Gründigkeit),1,1 - Ackerbaugebiet,3G,1988-97,BoKa-ZH (Einzelfall),22668.35429805,729.034084725429
1-5,Bereich 1-5,kA,keine Angabe,1,1 - Ackerbaugebiet,1-5,2009,FFF-Revision 09,1381.6294127,776.474092602898
6,"6 - Futterbau bevorzugt, Ackerbau stark eingeschränkt",I,Staunässe,1,1 - Ackerbaugebiet,6I,1988-97,BoKa-ZH (Einzelfall),140837.855820625,4368.3557355983
6,"6 - Futterbau bevorzugt, Ackerbau stark eingeschränkt",F,Fremdnässe,1,1 - Ackerbaugebiet,6F,1988-97,BoKa-ZH,3356.5183975,397.193902107357
3,3 - Getreidebetonte Fruchtfolge 1. Güte,S,Bodenskelett,1,1 - Ackerbaugebiet,3S,1988-97,BoKa-ZH,8211.608252965001,660.01475860049
3,3 - Getreidebetonte Fruchtfolge 1. Güte,I,Staunässe,1,1 - Ackerbaugebiet,3I,1988-97,BoKa-ZH (Einzelfall),12090.81959939,562.4107352683881
5,5 - Futterbaubetonte Fruchtfolge,L,Lage im Relief,1,1 - Ackerbaugebiet,5L,1988-97,BoKa-ZH (Einzelfall),7567.73843114,426.555204195302
3,3 - Getreidebetonte Fruchtfolge 1. Güte,G,Nutzbarer Wurzelraum (Gründigkeit),1,1 - Ackerbaugebiet,3G,1988-97,BoKa-ZH,309.196591,238.903203848427
6,"6 - Futterbau bevorzugt, Ackerbau stark eingeschränkt",R,Hangneigung FFF,1,1 - Ackerbaugebiet,6R,2009,FFF-Revision 09 (BoKa-ZH),0.125056,1.98965472612392
7,7 - Gutes bis mässig gutes Wies- und Weideland,R,Hangneigung FFF,1,1 - Ackerbaugebiet,7R,2009,FFF-Revision 09 (BoKa-ZH),3760.46247832,644.5256738323501
3,3 - Getreidebetonte Fruchtfolge 1. Güte,S,Bodenskelett,1,1 - Ackerbaugebiet,3S,2009,FFF-Revision 09 (BoKa-ZH),42262.659543375004,1373.13588815945
6,"6 - Futterbau bevorzugt, Ackerbau stark eingeschränkt",R,Hangneigung FFF,1,1 - Ackerbaugebiet,6R,2009,FFF-Revision 09 (BoKa-ZH),39.19099058,87.6364454870685
4,4 - Getreidebetonte Fruchtfolge 2. Güte,G,Nutzbarer Wurzelraum (Gründigkeit),1,1 - Ackerbaugebiet,4G,1988-97,BoKa-ZH (Einzelfall),3570.84723605,309.54159723495206
1-5,Bereich 1-5,kA,keine Angabe,1,1 - Ackerbaugebiet,1-5,2009,FFF-Revision 09,511.82083059,100.543707455523
6,"6 - Futterbau bevorzugt, Ackerbau stark eingeschränkt",R,Hangneigung FFF,2,2 - Übergangsgebiet ackerbaubetont,6R,2009,FFF-Revision 09 (BoKa-ZH),815.5731292,267.682368119393
5,5 - Futterbaubetonte Fruchtfolge,N,Hangneigung,2,2 - Übergangsgebiet ackerbaubetont,5N,1988-97,BoKa-ZH,7493.141465025,453.97902317763305
6,"6 - Futterbau bevorzugt, Ackerbau stark eingeschränkt",R,Hangneigung FFF,1,1 - Ackerbaugebiet,6R,2009,FFF-Revision 09 (BoKa-ZH),9942.922750595,1408.81813170894
9,9 - Extensives Wies- und Weideland,N,Hangneigung,1,1 - Ackerbaugebiet,9N,1988-97,BoKa-ZH (Einzelfall),6716.48259843,409.25834213279904
7,7 - Gutes bis mässig gutes Wies- und Weideland,L,Lage im Relief,1,1 - Ackerbaugebiet,7L,1988-97,BoKa-ZH (Einzelfall),2031.6640972750001,215.80627381919703
7,7 - Gutes bis mässig gutes Wies- und Weideland,L,Lage im Relief,3,3 - Übergangsgebiet futterbaubetont,7L,1988-97,BoKa-ZH (Einzelfall),4842.196520545001,282.79473063799
3,3 - Getreidebetonte Fruchtfolge 1. Güte,I,Staunässe,2,2 - Übergangsgebiet ackerbaubetont,3I,1988-97,BoKa-ZH (Einzelfall),34134.05092593,1054.8496511354301
2,2 - Uneingeschränkte Fruchtfolge 2. Güte,S,Bodenskelett,1,1 - Ackerbaugebiet,2S,1988-97,BoKa-ZH,180721.13470583,3025.04727233328
2,2 - Uneingeschränkte Fruchtfolge 2. Güte,S,Bodenskelett,1,1 - Ackerbaugebiet,2S,1988-97,BoKa-ZH,25032.078927075,863.621280087302
4,4 - Getreidebetonte Fruchtfolge 2. Güte,S,Bodenskelett,1,1 - Ackerbaugebiet,4S,2009,FFF-Revision 09 (BoKa-ZH),17373.71767485,1164.19904011312
2,2 - Uneingeschränkte Fruchtfolge 2. Güte,S,Bodenskelett,1,1 - Ackerbaugebiet,2S,1988-97,BoKa-ZH,24523.90433424,1351.8540277751201
7,7 - Gutes bis mässig gutes Wies- und Weideland,L,Lage im Relief,2,2 - Übergangsgebiet ackerbaubetont,7L,1988-97,BoKa-ZH (Einzelfall),5307.201837565,410.66613619580204
6,"6 - Futterbau bevorzugt, Ackerbau stark eingeschränkt",L,Lage im Relief,3,3 - Übergangsgebiet futterbaubetont,6L,1988-97,BoKa-ZH,16697.211053445,719.29820692476
6,"6 - Futterbau bevorzugt, Ackerbau stark eingeschränkt",kA,keine Angabe,3,3 - Übergangsgebiet futterbaubetont,6,2009,FFF-Revision 09,0.106126225,2.87791760310351
6,"6 - Futterbau bevorzugt, Ackerbau stark eingeschränkt",kA,keine Angabe,3,3 - Übergangsgebiet futterbaubetont,6,2009,FFF-Revision 09,0.3626445,13.9285513576479
5,5 - Futterbaubetonte Fruchtfolge,F,Fremdnässe,2,2 - Übergangsgebiet ackerbaubetont,5F,1988-97,BoKa-ZH,6755.391173965,325.891390202448
1-5,Bereich 1-5,kA,keine Angabe,1,1 - Ackerbaugebiet,1-5,2009,FFF-Revision 09,3679.3627244550003,389.471686176109
1-5,Bereich 1-5,kA,keine Angabe,1,1 - Ackerbaugebiet,1-5,2009,FFF-Revision 09,1766.19243945,297.022696750039
6,"6 - Futterbau bevorzugt, Ackerbau stark eingeschränkt",R,Hangneigung FFF,1,1 - Ackerbaugebiet,6R,2009,FFF-Revision 09 (BoKa-ZH),2739.0409856,369.83829771486
5,5 - Futterbaubetonte Fruchtfolge,F,Fremdnässe,1,1 - Ackerbaugebiet,5F,1988-97,BoKa-ZH,13623.73152479,613.2580357672381
8,8 - Wiesland (wegen Nässe nur zum Mähen geeignet),F,Fremdnässe,1,1 - Ackerbaugebiet,8F,1988-97,BoKa-ZH,5941.24046753,324.301217140557
3,3 - Getreidebetonte Fruchtfolge 1. Güte,S,Bodenskelett,1,1 - Ackerbaugebiet,3S,2009,FFF-Revision 09 (BoKa-ZH),20452.6876065,1281.13453915652
2,2 - Uneingeschränkte Fruchtfolge 2. Güte,S,Bodenskelett,1,1 - Ackerbaugebiet,2S,1988-97,BoKa-ZH,6773.64877628,419.669129896176
9,9 - Extensives Wies- und Weideland,N,Hangneigung,2,2 - Übergangsgebiet ackerbaubetont,9N,1988-97,BoKa-ZH,5247.61162635,321.967635073079
6,"6 - Futterbau bevorzugt, Ackerbau stark eingeschränkt",R,Hangneigung FFF,2,2 - Übergangsgebiet ackerbaubetont,6R,2009,FFF-Revision 09 (BoKa-ZH),1023.97866836,483.178062166847
6,"6 - Futterbau bevorzugt, Ackerbau stark eingeschränkt",A,Bodenart,3,3 - Übergangsgebiet futterbaubetont,6A,1988-97,BoKa-ZH (Einzelfall),17525.980510495,826.922969416973
6,"6 - Futterbau bevorzugt, Ackerbau stark eingeschränkt",F,Fremdnässe,3,3 - Übergangsgebiet futterbaubetont,6F,1988-97,BoKa-ZH (Einzelfall),24996.46351871,631.04071459443
7,7 - Gutes bis mässig gutes Wies- und Weideland,A,Bodenart,3,3 - Übergangsgebiet futterbaubetont,7A,1988-97,BoKa-ZH,9200.118014045001,589.1998632558759
7,7 - Gutes bis mässig gutes Wies- und Weideland,R,Hangneigung FFF,2,2 - Übergangsgebiet ackerbaubetont,7R,2009,FFF-Revision 09 (BoKa-ZH),157.2486196,102.942430344483
2-5,Bereich 2-5,kA,keine Angabe,2,2 - Übergangsgebiet ackerbaubetont,2-5,2009,FFF-Revision 09,2010.21269379,242.783709603162
6,"6 - Futterbau bevorzugt, Ackerbau stark eingeschränkt",R,Hangneigung FFF,1,1 - Ackerbaugebiet,6R,2009,FFF-Revision 09 (BoKa-ZH),28.607529999999997,30.0252632960182
7,7 - Gutes bis mässig gutes Wies- und Weideland,L,Lage im Relief,1,1 - Ackerbaugebiet,7L,1988-97,BoKa-ZH (Einzelfall),2235.2072145350003,370.750099600738
3,3 - Getreidebetonte Fruchtfolge 1. Güte,S,Bodenskelett,1,1 - Ackerbaugebiet,3S,1988-97,BoKa-ZH,34130.051515295,786.670788888067
1-5,Bereich 1-5,kA,keine Angabe,1,1 - Ackerbaugebiet,1-5,2009,FFF-Revision 09,8218.633668665001,397.72555231822
3,3 - Getreidebetonte Fruchtfolge 1. Güte,I,Staunässe,1,1 - Ackerbaugebiet,3I,1988-97,BoKa-ZH,24619.20680725,829.064557540005
6,"6 - Futterbau bevorzugt, Ackerbau stark eingeschränkt",R,Hangneigung FFF,1,1 - Ackerbaugebiet,6R,2009,FFF-Revision 09 (BoKa-ZH),6355.620482105,412.902632964168
1-5,Bereich 1-5,kA,keine Angabe,1,1 - Ackerbaugebiet,1-5,2009,FFF-Revision 09,11384.65245533,453.92077615064403
5,5 - Futterbaubetonte Fruchtfolge,N,Hangneigung,1,1 - Ackerbaugebiet,5N,1988-97,BoKa-ZH,5320.653350065,584.108350210142
3,3 - Getreidebetonte Fruchtfolge 1. Güte,F,Fremdnässe,1,1 - Ackerbaugebiet,3F,1988-97,BoKa-ZH (Einzelfall),13563.278623895001,613.602283752448
4,4 - Getreidebetonte Fruchtfolge 2. Güte,G,Nutzbarer Wurzelraum (Gründigkeit),1,1 - Ackerbaugebiet,4G,2009,FFF-Revision 09 (BoKa-ZH),9834.493417115,691.909914555475
2,2 - Uneingeschränkte Fruchtfolge 2. Güte,S,Bodenskelett,1,1 - Ackerbaugebiet,2S,1988-97,BoKa-ZH,126009.56973669,3375.4394604938
6,"6 - Futterbau bevorzugt, Ackerbau stark eingeschränkt",R,Hangneigung FFF,1,1 - Ackerbaugebiet,6R,2009,FFF-Revision 09 (BoKa-ZH),674.86460785,218.96333726841502
5,5 - Futterbaubetonte Fruchtfolge,O,Oberflächengestalt,1,1 - Ackerbaugebiet,5O,1988-97,BoKa-ZH (Einzelfall),5423.89658917,443.0066084165671
6,"6 - Futterbau bevorzugt, Ackerbau stark eingeschränkt",R,Hangneigung FFF,1,1 - Ackerbaugebiet,6R,2009,FFF-Revision 09 (BoKa-ZH),1005.8403042250001,216.81395463801002
4,4 - Getreidebetonte Fruchtfolge 2. Güte,G,Nutzbarer Wurzelraum (Gründigkeit),1,1 - Ackerbaugebiet,4G,2009,FFF-Revision 09 (BoKa-ZH),97.07669309500001,50.430958287600895
9,9 - Extensives Wies- und Weideland,N,Hangneigung,3,3 - Übergangsgebiet futterbaubetont,9N,1988-97,BoKa-ZH,13173.035937485001,933.42394636003
6,"6 - Futterbau bevorzugt, Ackerbau stark eingeschränkt",R,Hangneigung FFF,1,1 - Ackerbaugebiet,6R,2009,FFF-Revision 09 (BoKa-ZH),14322.029109795001,808.6891672521881
4,4 - Getreidebetonte Fruchtfolge 2. Güte,G,Nutzbarer Wurzelraum (Gründigkeit),1,1 - Ackerbaugebiet,4G,1988-97,BoKa-ZH (Einzelfall),11253.768382865,1036.94636592619
10,10 - Streueland,F,Fremdnässe,1,1 - Ackerbaugebiet,10F,1988-97,BoKa-ZH (Einzelfall),60827.856747645,2262.2099134117702
2,2 - Uneingeschränkte Fruchtfolge 2. Güte,S,Bodenskelett,1,1 - Ackerbaugebiet,2S,1988-97,BoKa-ZH,63969.31278091,1556.26445693294
6,"6 - Futterbau bevorzugt, Ackerbau stark eingeschränkt",kA,keine Angabe,1,1 - Ackerbaugebiet,6,2009,FFF-Revision 09,11200.56289022,447.96105910123003
3,3 - Getreidebetonte Fruchtfolge 1. Güte,I,Staunässe,1,1 - Ackerbaugebiet,3I,1988-97,BoKa-ZH (Einzelfall),9577.748698174999,570.660740156807
3,3 - Getreidebetonte Fruchtfolge 1. Güte,S,Bodenskelett,1,1 - Ackerbaugebiet,3S,1988-97,BoKa-ZH,30755.056258115,1063.9280288612601
3,3 - Getreidebetonte Fruchtfolge 1. Güte,S,Bodenskelett,1,1 - Ackerbaugebiet,3S,2009,FFF-Revision 09 (BoKa-ZH),49452.670045735,1573.8762112914
6,"6 - Futterbau bevorzugt, Ackerbau stark eingeschränkt",R,Hangneigung FFF,1,1 - Ackerbaugebiet,6R,2009,FFF-Revision 09 (BoKa-ZH),3008.397179985,295.670507233853
6,"6 - Futterbau bevorzugt, Ackerbau stark eingeschränkt",kA,keine Angabe,3,3 - Übergangsgebiet futterbaubetont,6,2009,FFF-Revision 09,5072.147951635,333.82965759902305
3,3 - Getreidebetonte Fruchtfolge 1. Güte,G,Nutzbarer Wurzelraum (Gründigkeit),1,1 - Ackerbaugebiet,3G,1988-97,BoKa-ZH,9032.36136693,368.55665248882
7,7 - Gutes bis mässig gutes Wies- und Weideland,R,Hangneigung FFF,1,1 - Ackerbaugebiet,7R,2009,FFF-Revision 09 (BoKa-ZH),567.58716769,114.428555714071
1-5,Bereich 1-5,kA,keine Angabe,1,1 - Ackerbaugebiet,1-5,2009,FFF-Revision 09,1906.9944181,185.617541481904
6,"6 - Futterbau bevorzugt, Ackerbau stark eingeschränkt",R,Hangneigung FFF,1,1 - Ackerbaugebiet,6R,2009,FFF-Revision 09 (BoKa-ZH),2577.256884855,503.92601701052104
2,2 - Uneingeschränkte Fruchtfolge 2. Güte,S,Bodenskelett,1,1 - Ackerbaugebiet,2S,1988-97,BoKa-ZH,28331.245799925,717.714126139991
6,"6 - Futterbau bevorzugt, Ackerbau stark eingeschränkt",I,Staunässe,1,1 - Ackerbaugebiet,6I,1988-97,BoKa-ZH,19519.90646294,749.44279182493
9,9 - Extensives Wies- und Weideland,N,Hangneigung,1,1 - Ackerbaugebiet,9N,1988-97,BoKa-ZH,5895.45119271,656.731551926371
2,2 - Uneingeschränkte Fruchtfolge 2. Güte,S,Bodenskelett,1,1 - Ackerbaugebiet,2S,1988-97,BoKa-ZH,27617.248064095,1000.6026186925301
3,3 - Getreidebetonte Fruchtfolge 1. Güte,S,Bodenskelett,1,1 - Ackerbaugebiet,3S,1988-97,BoKa-ZH,35270.65773775,1031.55071711265
5,5 - Futterbaubetonte Fruchtfolge,F,Fremdnässe,1,1 - Ackerbaugebiet,5F,1988-97,BoKa-ZH,9296.87005465,442.069340693261
1,1 - Uneingeschränkte Fruchtfolge 1. Güte,,,1,1 - Ackerbaugebiet,1,1988-97,BoKa-ZH,11556.26930636,985.753489524454
1,1 - Uneingeschränkte Fruchtfolge 1. Güte,,,1,1 - Ackerbaugebiet,1,1988-97,BoKa-ZH,27498.29217745,1599.06196951039
7,7 - Gutes bis mässig gutes Wies- und Weideland,L,Lage im Relief,1,1 - Ackerbaugebiet,7L,1988-97,BoKa-ZH (Einzelfall),35930.924916615,770.903646865482
6,"6 - Futterbau bevorzugt, Ackerbau stark eingeschränkt",F,Fremdnässe,1,1 - Ackerbaugebiet,6F,1988-97,BoKa-ZH,14180.80563763,470.308280559457
6,"6 - Futterbau bevorzugt, Ackerbau stark eingeschränkt",I,Staunässe,1,1 - Ackerbaugebiet,6I,1988-97,BoKa-ZH,13355.983778,475.33398048027306
1-5,Bereich 1-5,kA,keine Angabe,1,1 - Ackerbaugebiet,1-5,2009,FFF-Revision 09,799.51590719,505.70362109792904
6,"6 - Futterbau bevorzugt, Ackerbau stark eingeschränkt",kA,keine Angabe,3,3 - Übergangsgebiet futterbaubetont,6,2009,FFF-Revision 09,192.60608636,113.57224878261201
1-5,Bereich 1-5,kA,keine Angabe,1,1 - Ackerbaugebiet,1-5,2009,FFF-Revision 09,4807.070904554999,463.653007013651
5,5 - Futterbaubetonte Fruchtfolge,I,Staunässe,1,1 - Ackerbaugebiet,5I,1988-97,BoKa-ZH (Einzelfall),19319.55884395,647.358550846439
7-10,Bereich 7-10,kA,keine Angabe,1,1 - Ackerbaugebiet,7-10,2009,FFF-Revision 09,1375.8939256350002,363.978753489937
7,7 - Gutes bis mässig gutes Wies- und Weideland,L,Lage im Relief,1,1 - Ackerbaugebiet,7L,1988-97,BoKa-ZH (Einzelfall),4197.41010294,506.845933496607
5,5 - Futterbaubetonte Fruchtfolge,N,Hangneigung,1,1 - Ackerbaugebiet,5N,1988-97,BoKa-ZH,215.7319335,120.72800784497201
2-5,Bereich 2-5,kA,keine Angabe,2,2 - Übergangsgebiet ackerbaubetont,2-5,2009,FFF-Revision 09,700.2607742,177.935344983068
3,3 - Getreidebetonte Fruchtfolge 1. Güte,G,Nutzbarer Wurzelraum (Gründigkeit),1,1 - Ackerbaugebiet,3G,1988-97,BoKa-ZH,5373.79253495,298.205580434929
2,2 - Uneingeschränkte Fruchtfolge 2. Güte,S,Bodenskelett,1,1 - Ackerbaugebiet,2S,1988-97,BoKa-ZH (Einzelfall),9466.067603385,601.6007561171241
3,3 - Getreidebetonte Fruchtfolge 1. Güte,G,Nutzbarer Wurzelraum (Gründigkeit),1,1 - Ackerbaugebiet,3G,1988-97,BoKa-ZH,7393.012117465,390.898340208143
6,"6 - Futterbau bevorzugt, Ackerbau stark eingeschränkt",L,Lage im Relief,1,1 - Ackerbaugebiet,6L,1988-97,BoKa-ZH,22262.884902755002,680.050810951461
3,3 - Getreidebetonte Fruchtfolge 1. Güte,N,Hangneigung,2,2 - Übergangsgebiet ackerbaubetont,3N,2009,FFF-Revision 09 (BoKa-ZH),46874.399735105,888.063925633406
7,7 - Gutes bis mässig gutes Wies- und Weideland,R,Hangneigung FFF,1,1 - Ackerbaugebiet,7R,2009,FFF-Revision 09 (BoKa-ZH),1978.54098885,531.370156779361
1-5,Bereich 1-5,kA,keine Angabe,1,1 - Ackerbaugebiet,1-5,2009,FFF-Revision 09,182.799392835,349.566350013887
1-5,Bereich 1-5,kA,keine Angabe,1,1 - Ackerbaugebiet,1-5,2009,FFF-Revision 09,3761.1135725550002,290.18338606009604
6,"6 - Futterbau bevorzugt, Ackerbau stark eingeschränkt",L,Lage im Relief,3,3 - Übergangsgebiet futterbaubetont,6L,1988-97,BoKa-ZH (Einzelfall),15972.78984362,568.93116139721
5,5 - Futterbaubetonte Fruchtfolge,N,Hangneigung,1,1 - Ackerbaugebiet,5N,1988-97,BoKa-ZH (Einzelfall),13916.734319125,510.49940352229606
1-5,Bereich 1-5,kA,keine Angabe,1,1 - Ackerbaugebiet,1-5,2009,FFF-Revision 09,403.93252583,109.547543133825
1-5,Bereich 1-5,kA,keine Angabe,1,1 - Ackerbaugebiet,1-5,2009,FFF-Revision 09,501.34426147,289.763199270867
3,3 - Getreidebetonte Fruchtfolge 1. Güte,G,Nutzbarer Wurzelraum (Gründigkeit),1,1 - Ackerbaugebiet,3G,1988-97,BoKa-ZH,52956.93765146,1643.9151499027203
3,3 - Getreidebetonte Fruchtfolge 1. Güte,S,Bodenskelett,1,1 - Ackerbaugebiet,3S,2009,FFF-Revision 09 (BoKa-ZH),1874.5417345,170.199180289843
4,4 - Getreidebetonte Fruchtfolge 2. Güte,G,Nutzbarer Wurzelraum (Gründigkeit),1,1 - Ackerbaugebiet,4G,2009,FFF-Revision 09 (BoKa-ZH),12761.283490205,444.43909306862
1-5,Bereich 1-5,kA,keine Angabe,1,1 - Ackerbaugebiet,1-5,2009,FFF-Revision 09,1029.82342095,136.850251822321
6,"6 - Futterbau bevorzugt, Ackerbau stark eingeschränkt",R,Hangneigung FFF,2,2 - Übergangsgebiet ackerbaubetont,6R,2009,FFF-Revision 09 (BoKa-ZH),9562.76413708,566.323080125096
6,"6 - Futterbau bevorzugt, Ackerbau stark eingeschränkt",L,Lage im Relief,2,2 - Übergangsgebiet ackerbaubetont,6L,1988-97,BoKa-ZH (Einzelfall),36777.65153242,2249.95964588664
7,7 - Gutes bis mässig gutes Wies- und Weideland,R,Hangneigung FFF,2,2 - Übergangsgebiet ackerbaubetont,7R,2009,FFF-Revision 09 (BoKa-ZH),192.618512,126.92690800742001
6,"6 - Futterbau bevorzugt, Ackerbau stark eingeschränkt",R,Hangneigung FFF,2,2 - Übergangsgebiet ackerbaubetont,6R,2009,FFF-Revision 09 (BoKa-ZH),81.0080681,48.6938284397421
6,"6 - Futterbau bevorzugt, Ackerbau stark eingeschränkt",kA,keine Angabe,1,1 - Ackerbaugebiet,6,2009,FFF-Revision 09,9224.295112955,402.85178989802597
1-5,Bereich 1-5,kA,keine Angabe,1,1 - Ackerbaugebiet,1-5,2009,FFF-Revision 09,161.4955501,76.4626556865699
7,7 - Gutes bis mässig gutes Wies- und Weideland,R,Hangneigung FFF,1,1 - Ackerbaugebiet,7R,2009,FFF-Revision 09 (BoKa-ZH),1640.2161292150001,229.500970490266
8,8 - Wiesland (wegen Nässe nur zum Mähen geeignet),F,Fremdnässe,1,1 - Ackerbaugebiet,8F,1988-97,BoKa-ZH,27476.29387694,980.235456904869
6,"6 - Futterbau bevorzugt, Ackerbau stark eingeschränkt",R,Hangneigung FFF,1,1 - Ackerbaugebiet,6R,2009,FFF-Revision 09 (BoKa-ZH),716.427759675,204.41079913619802
5,5 - Futterbaubetonte Fruchtfolge,F,Fremdnässe,1,1 - Ackerbaugebiet,5F,1988-97,BoKa-ZH,6611.337010255,614.807634124314
7,7 - Gutes bis mässig gutes Wies- und Weideland,F,Fremdnässe,4,4 - Futterbaugebiet,7F,2009,FFF-Revision 09 (BoKa-ZH),9044.6309346,540.381827069965
6,"6 - Futterbau bevorzugt, Ackerbau stark eingeschränkt",R,Hangneigung FFF,1,1 - Ackerbaugebiet,6R,2009,FFF-Revision 09 (BoKa-ZH),7528.838527,519.754601731452
6,"6 - Futterbau bevorzugt, Ackerbau stark eingeschränkt",R,Hangneigung FFF,1,1 - Ackerbaugebiet,6R,2009,FFF-Revision 09 (BoKa-ZH),309.19729115,78.1803936732977
6,"6 - Futterbau bevorzugt, Ackerbau stark eingeschränkt",R,Hangneigung FFF,1,1 - Ackerbaugebiet,6R,2009,FFF-Revision 09 (BoKa-ZH),720.31130164,299.415394719653
6,"6 - Futterbau bevorzugt, Ackerbau stark eingeschränkt",E,Erosion,3,3 - Übergangsgebiet futterbaubetont,6E,1988-97,BoKa-ZH (Einzelfall),17053.85340363,565.12782470547
7,7 - Gutes bis mässig gutes Wies- und Weideland,F,Fremdnässe,4,4 - Futterbaugebiet,7F,2009,FFF-Revision 09 (BoKa-ZH),26249.28078592,747.106394667391
7,7 - Gutes bis mässig gutes Wies- und Weideland,R,Hangneigung FFF,1,1 - Ackerbaugebiet,7R,2009,FFF-Revision 09 (BoKa-ZH),830.62596643,256.637700093014
6,"6 - Futterbau bevorzugt, Ackerbau stark eingeschränkt",R,Hangneigung FFF,1,1 - Ackerbaugebiet,6R,2009,FFF-Revision 09 (BoKa-ZH),1174.5940053549998,205.43165365814
3,3 - Getreidebetonte Fruchtfolge 1. Güte,G,Nutzbarer Wurzelraum (Gründigkeit),1,1 - Ackerbaugebiet,3G,1988-97,BoKa-ZH,8649.41196939,424.888540929077
7,7 - Gutes bis mässig gutes Wies- und Weideland,R,Hangneigung FFF,1,1 - Ackerbaugebiet,7R,2009,FFF-Revision 09 (BoKa-ZH),678.99702635,296.72091193397205
1-5,Bereich 1-5,kA,keine Angabe,1,1 - Ackerbaugebiet,1-5,2009,FFF-Revision 09,422.83663449,198.59022572106701
3,3 - Getreidebetonte Fruchtfolge 1. Güte,I,Staunässe,1,1 - Ackerbaugebiet,3I,1988-97,BoKa-ZH,16107.80814269,744.185653406214
7,7 - Gutes bis mässig gutes Wies- und Weideland,A,Bodenart,3,3 - Übergangsgebiet futterbaubetont,7A,1988-97,BoKa-ZH,48318.23045452,1288.90729936727
1-5,Bereich 1-5,kA,keine Angabe,1,1 - Ackerbaugebiet,1-5,2009,FFF-Revision 09,4005.61194447,253.22642204626501
6,"6 - Futterbau bevorzugt, Ackerbau stark eingeschränkt",F,Fremdnässe,1,1 - Ackerbaugebiet,6F,1988-97,BoKa-ZH,8093.77586664,366.45680516784904
6,"6 - Futterbau bevorzugt, Ackerbau stark eingeschränkt",R,Hangneigung FFF,1,1 - Ackerbaugebiet,6R,2009,FFF-Revision 09 (BoKa-ZH),388.21079193,401.530859867653
5,5 - Futterbaubetonte Fruchtfolge,kA,keine Angabe,3,3 - Übergangsgebiet futterbaubetont,5,2009,FFF-Revision 09,35155.238359795,917.290724899121
3,3 - Getreidebetonte Fruchtfolge 1. Güte,S,Bodenskelett,1,1 - Ackerbaugebiet,3S,1988-97,BoKa-ZH,34415.01652676,1481.56638974277
1-5,Bereich 1-5,kA,keine Angabe,1,1 - Ackerbaugebiet,1-5,2009,FFF-Revision 09,175.063327095,489.420075583168
2,2 - Uneingeschränkte Fruchtfolge 2. Güte,A,Bodenart,1,1 - Ackerbaugebiet,2A,1988-97,BoKa-ZH,11963.142644815,686.88021007493
4,4 - Getreidebetonte Fruchtfolge 2. Güte,G,Nutzbarer Wurzelraum (Gründigkeit),1,1 - Ackerbaugebiet,4G,1988-97,BoKa-ZH (Einzelfall),21577.89210441,534.944355107332
7,7 - Gutes bis mässig gutes Wies- und Weideland,N,Hangneigung,1,1 - Ackerbaugebiet,7N,1988-97,BoKa-ZH,10856.719060775002,564.5142661164681
1-5,Bereich 1-5,kA,keine Angabe,1,1 - Ackerbaugebiet,1-5,2009,FFF-Revision 09,11984.684791065,607.001822437711
6,"6 - Futterbau bevorzugt, Ackerbau stark eingeschränkt",N,Hangneigung,1,1 - Ackerbaugebiet,6N,1988-97,BoKa-ZH,36384.28210325,1375.6663915077702
7,7 - Gutes bis mässig gutes Wies- und Weideland,R,Hangneigung FFF,1,1 - Ackerbaugebiet,7R,2009,FFF-Revision 09 (BoKa-ZH),657.26661055,110.229992707513
1-5,Bereich 1-5,kA,keine Angabe,1,1 - Ackerbaugebiet,1-5,2009,FFF-Revision 09,29790.13274506,825.157709637991
6,"6 - Futterbau bevorzugt, Ackerbau stark eingeschränkt",R,Hangneigung FFF,1,1 - Ackerbaugebiet,6R,2009,FFF-Revision 09 (BoKa-ZH),8505.219969375,731.2783673517041
6,"6 - Futterbau bevorzugt, Ackerbau stark eingeschränkt",R,Hangneigung FFF,1,1 - Ackerbaugebiet,6R,2009,FFF-Revision 09 (BoKa-ZH),1713.0754674,438.433191797653
5,5 - Futterbaubetonte Fruchtfolge,N,Hangneigung,1,1 - Ackerbaugebiet,5N,1988-97,BoKa-ZH,214.99866505,95.22995960723479
6,"6 - Futterbau bevorzugt, Ackerbau stark eingeschränkt",R,Hangneigung FFF,1,1 - Ackerbaugebiet,6R,2009,FFF-Revision 09 (BoKa-ZH),889.6795668,199.98884700360003
5,5 - Futterbaubetonte Fruchtfolge,N,Hangneigung,1,1 - Ackerbaugebiet,5N,1988-97,BoKa-ZH,267.766526,131.46771303424802
5,5 - Futterbaubetonte Fruchtfolge,L,Lage im Relief,2,2 - Übergangsgebiet ackerbaubetont,5L,1988-97,BoKa-ZH (Einzelfall),3279.41588477,328.811591998746
5,5 - Futterbaubetonte Fruchtfolge,N,Hangneigung,2,2 - Übergangsgebiet ackerbaubetont,5N,1988-97,BoKa-ZH,419.941548,117.801848390936
6,"6 - Futterbau bevorzugt, Ackerbau stark eingeschränkt",R,Hangneigung FFF,2,2 - Übergangsgebiet ackerbaubetont,6R,2009,FFF-Revision 09 (BoKa-ZH),1310.70698697,207.86118820651902
1-5,Bereich 1-5,kA,keine Angabe,1,1 - Ackerbaugebiet,1-5,2009,FFF-Revision 09,10294.47255355,520.393204440016
7,7 - Gutes bis mässig gutes Wies- und Weideland,A,Bodenart,3,3 - Übergangsgebiet futterbaubetont,7A,1988-97,BoKa-ZH,9387.25741055,406.520620661095
6,"6 - Futterbau bevorzugt, Ackerbau stark eingeschränkt",I,Staunässe,3,3 - Übergangsgebiet futterbaubetont,6I,1988-97,BoKa-ZH (Einzelfall),26509.49514698,895.272912946153
2-5,Bereich 2-5,kA,keine Angabe,2,2 - Übergangsgebiet ackerbaubetont,2-5,2009,FFF-Revision 09,72.347382,39.712385105199395
2-5,Bereich 2-5,kA,keine Angabe,2,2 - Übergangsgebiet ackerbaubetont,2-5,2009,FFF-Revision 09,3939.967390735,496.119176094781
5,5 - Futterbaubetonte Fruchtfolge,N,Hangneigung,1,1 - Ackerbaugebiet,5N,1988-97,BoKa-ZH,3616.35122056,373.42246719067805
6,"6 - Futterbau bevorzugt, Ackerbau stark eingeschränkt",R,Hangneigung FFF,1,1 - Ackerbaugebiet,6R,2009,FFF-Revision 09 (BoKa-ZH),459.463801,233.970051034901
7,7 - Gutes bis mässig gutes Wies- und Weideland,N,Hangneigung,1,1 - Ackerbaugebiet,7N,1988-97,BoKa-ZH,24089.659170175,1200.5077177892802
1-5,Bereich 1-5,kA,keine Angabe,1,1 - Ackerbaugebiet,1-5,2009,FFF-Revision 09,1983.94105711,224.48966047370402
7,7 - Gutes bis mässig gutes Wies- und Weideland,R,Hangneigung FFF,1,1 - Ackerbaugebiet,7R,2009,FFF-Revision 09 (BoKa-ZH),511.982091,187.309066930716
6,"6 - Futterbau bevorzugt, Ackerbau stark eingeschränkt",kA,keine Angabe,1,1 - Ackerbaugebiet,6,2009,FFF-Revision 09,150.59753142,201.66017597816
1-5,Bereich 1-5,kA,keine Angabe,1,1 - Ackerbaugebiet,1-5,2009,FFF-Revision 09,2515.4992404150003,387.651543421361
6,"6 - Futterbau bevorzugt, Ackerbau stark eingeschränkt",kA,keine Angabe,3,3 - Übergangsgebiet futterbaubetont,6,2009,FFF-Revision 09,0.10088180000000001,9.13389765545505
6,"6 - Futterbau bevorzugt, Ackerbau stark eingeschränkt",kA,keine Angabe,3,3 - Übergangsgebiet futterbaubetont,6,2009,FFF-Revision 09,0.14693008,9.861266435585918
7,7 - Gutes bis mässig gutes Wies- und Weideland,R,Hangneigung FFF,1,1 - Ackerbaugebiet,7R,2009,FFF-Revision 09 (BoKa-ZH),214.7251871,102.58246725370601
6,"6 - Futterbau bevorzugt, Ackerbau stark eingeschränkt",kA,keine Angabe,1,1 - Ackerbaugebiet,6,2009,FFF-Revision 09,1051.28776744,209.865533526974
6,"6 - Futterbau bevorzugt, Ackerbau stark eingeschränkt",R,Hangneigung FFF,1,1 - Ackerbaugebiet,6R,2009,FFF-Revision 09 (BoKa-ZH),575.474152425,154.431623017778
2,2 - Uneingeschränkte Fruchtfolge 2. Güte,S,Bodenskelett,1,1 - Ackerbaugebiet,2S,1988-97,BoKa-ZH,16185.34445445,717.499034132303
6,"6 - Futterbau bevorzugt, Ackerbau stark eingeschränkt",R,Hangneigung FFF,2,2 - Übergangsgebiet ackerbaubetont,6R,2009,FFF-Revision 09 (BoKa-ZH),558.85329463,373.15394911421305
6,"6 - Futterbau bevorzugt, Ackerbau stark eingeschränkt",R,Hangneigung FFF,2,2 - Übergangsgebiet ackerbaubetont,6R,2009,FFF-Revision 09 (BoKa-ZH),2176.250132,262.908657425886
6,"6 - Futterbau bevorzugt, Ackerbau stark eingeschränkt",R,Hangneigung FFF,1,1 - Ackerbaugebiet,6R,2009,FFF-Revision 09 (BoKa-ZH),898.96363929,234.250125497699
5,5 - Futterbaubetonte Fruchtfolge,N,Hangneigung,1,1 - Ackerbaugebiet,5N,1988-97,BoKa-ZH,10640.165448605,620.6210373865359
10,10 - Streueland,F,Fremdnässe,4,4 - Futterbaugebiet,10F,1988-97,BoKa-ZH (Einzelfall),14306.48507674,624.6412693230931
7,7 - Gutes bis mässig gutes Wies- und Weideland,R,Hangneigung FFF,3,3 - Übergangsgebiet futterbaubetont,7R,2009,FFF-Revision 09 (BoKa-ZH),501.2486035,121.531579413567
6,"6 - Futterbau bevorzugt, Ackerbau stark eingeschränkt",R,Hangneigung FFF,1,1 - Ackerbaugebiet,6R,2009,FFF-Revision 09 (BoKa-ZH),753.9370545,144.556328212501
6,"6 - Futterbau bevorzugt, Ackerbau stark eingeschränkt",R,Hangneigung FFF,1,1 - Ackerbaugebiet,6R,2009,FFF-Revision 09 (BoKa-ZH),270.58957468,246.94414341719602
7,7 - Gutes bis mässig gutes Wies- und Weideland,R,Hangneigung FFF,1,1 - Ackerbaugebiet,7R,2009,FFF-Revision 09 (BoKa-ZH),377.4516623,82.4622353399672
6,"6 - Futterbau bevorzugt, Ackerbau stark eingeschränkt",R,Hangneigung FFF,1,1 - Ackerbaugebiet,6R,2009,FFF-Revision 09 (BoKa-ZH),1470.06443526,441.968828894768
7,7 - Gutes bis mässig gutes Wies- und Weideland,R,Hangneigung FFF,1,1 - Ackerbaugebiet,7R,2009,FFF-Revision 09 (BoKa-ZH),1425.28760475,199.195310024563
7,7 - Gutes bis mässig gutes Wies- und Weideland,L,Lage im Relief,3,3 - Übergangsgebiet futterbaubetont,7L,1988-97,BoKa-ZH (Einzelfall),4872.13154027,338.38929581476003
9,9 - Extensives Wies- und Weideland,N,Hangneigung,3,3 - Übergangsgebiet futterbaubetont,9N,1988-97,BoKa-ZH (Einzelfall),7780.19145351,562.8389597416331
7,7 - Gutes bis mässig gutes Wies- und Weideland,R,Hangneigung FFF,1,1 - Ackerbaugebiet,7R,2009,FFF-Revision 09 (BoKa-ZH),1252.51542125,243.660814886583
2,2 - Uneingeschränkte Fruchtfolge 2. Güte,A,Bodenart,1,1 - Ackerbaugebiet,2A,1988-97,BoKa-ZH,15038.06799583,818.9621616303161
6,"6 - Futterbau bevorzugt, Ackerbau stark eingeschränkt",R,Hangneigung FFF,1,1 - Ackerbaugebiet,6R,2009,FFF-Revision 09 (BoKa-ZH),42.844263999999995,91.6312755087468
6,"6 - Futterbau bevorzugt, Ackerbau stark eingeschränkt",R,Hangneigung FFF,1,1 - Ackerbaugebiet,6R,2009,FFF-Revision 09 (BoKa-ZH),444.5506435,244.142191490536
6,"6 - Futterbau bevorzugt, Ackerbau stark eingeschränkt",R,Hangneigung FFF,1,1 - Ackerbaugebiet,6R,2009,FFF-Revision 09 (BoKa-ZH),385.16427479,145.977353733432
3,3 - Getreidebetonte Fruchtfolge 1. Güte,S,Bodenskelett,1,1 - Ackerbaugebiet,3S,1988-97,BoKa-ZH,12414.93091974,565.492670093447
7,7 - Gutes bis mässig gutes Wies- und Weideland,F,Fremdnässe,3,3 - Übergangsgebiet futterbaubetont,7F,1988-97,BoKa-ZH,8371.966986745001,534.287535719641
2,2 - Uneingeschränkte Fruchtfolge 2. Güte,S,Bodenskelett,1,1 - Ackerbaugebiet,2S,1988-97,BoKa-ZH,192.934788,139.447231392552
6,"6 - Futterbau bevorzugt, Ackerbau stark eingeschränkt",kA,keine Angabe,1,1 - Ackerbaugebiet,6,2009,FFF-Revision 09,25334.90596605,681.935101691296
7,7 - Gutes bis mässig gutes Wies- und Weideland,N,Hangneigung,1,1 - Ackerbaugebiet,7N,1988-97,BoKa-ZH,36740.09702362,985.170683129887
7,7 - Gutes bis mässig gutes Wies- und Weideland,N,Hangneigung,1,1 - Ackerbaugebiet,7N,1988-97,BoKa-ZH,9255.642802465,519.598903224562
6,"6 - Futterbau bevorzugt, Ackerbau stark eingeschränkt",R,Hangneigung FFF,1,1 - Ackerbaugebiet,6R,2009,FFF-Revision 09 (BoKa-ZH),5946.76965005,753.6541435796311
6,"6 - Futterbau bevorzugt, Ackerbau stark eingeschränkt",kA,keine Angabe,3,3 - Übergangsgebiet futterbaubetont,6,2009,FFF-Revision 09,703.85139246,238.61330135882
5,5 - Futterbaubetonte Fruchtfolge,kA,keine Angabe,3,3 - Übergangsgebiet futterbaubetont,5,2009,FFF-Revision 09,4834.30116623,472.659106107883
6,"6 - Futterbau bevorzugt, Ackerbau stark eingeschränkt",R,Hangneigung FFF,1,1 - Ackerbaugebiet,6R,2009,FFF-Revision 09 (BoKa-ZH),964.03490881,181.827767348856
7,7 - Gutes bis mässig gutes Wies- und Weideland,R,Hangneigung FFF,1,1 - Ackerbaugebiet,7R,2009,FFF-Revision 09 (BoKa-ZH),933.646092655,138.128816146247
2,2 - Uneingeschränkte Fruchtfolge 2. Güte,S,Bodenskelett,1,1 - Ackerbaugebiet,2S,1988-97,BoKa-ZH,65591.60794844,1381.00627370264
7,7 - Gutes bis mässig gutes Wies- und Weideland,R,Hangneigung FFF,1,1 - Ackerbaugebiet,7R,2009,FFF-Revision 09 (BoKa-ZH),207.672075,233.985250607467
1-5,Bereich 1-5,kA,keine Angabe,1,1 - Ackerbaugebiet,1-5,2009,FFF-Revision 09,862.473278605,765.821160466338
6,"6 - Futterbau bevorzugt, Ackerbau stark eingeschränkt",R,Hangneigung FFF,1,1 - Ackerbaugebiet,6R,2009,FFF-Revision 09 (BoKa-ZH),836.98931871,477.129378756611
4,4 - Getreidebetonte Fruchtfolge 2. Güte,G,Nutzbarer Wurzelraum (Gründigkeit),1,1 - Ackerbaugebiet,4G,2009,FFF-Revision 09 (BoKa-ZH),7926.26900919,482.04380019843
5,5 - Futterbaubetonte Fruchtfolge,L,Lage im Relief,1,1 - Ackerbaugebiet,5L,1988-97,BoKa-ZH (Einzelfall),4853.635462725,375.094419557385
1-5,Bereich 1-5,kA,keine Angabe,1,1 - Ackerbaugebiet,1-5,2009,FFF-Revision 09,1271.086785,248.795521778032
2,2 - Uneingeschränkte Fruchtfolge 2. Güte,S,Bodenskelett,1,1 - Ackerbaugebiet,2S,1988-97,BoKa-ZH,7991.008191835,446.05633208912303
3,3 - Getreidebetonte Fruchtfolge 1. Güte,S,Bodenskelett,1,1 - Ackerbaugebiet,3S,1988-97,BoKa-ZH (Einzelfall),16864.47101591,769.023737939882
6,"6 - Futterbau bevorzugt, Ackerbau stark eingeschränkt",R,Hangneigung FFF,1,1 - Ackerbaugebiet,6R,2009,FFF-Revision 09 (BoKa-ZH),1918.58925306,361.055872241921
3,3 - Getreidebetonte Fruchtfolge 1. Güte,S,Bodenskelett,1,1 - Ackerbaugebiet,3S,1988-97,BoKa-ZH,124853.16450373501,3183.72387378079
5,5 - Futterbaubetonte Fruchtfolge,kA,keine Angabe,3,3 - Übergangsgebiet futterbaubetont,5,2009,FFF-Revision 09,30460.144345085,1162.3465129774
5,5 - Futterbaubetonte Fruchtfolge,L,Lage im Relief,1,1 - Ackerbaugebiet,5L,1988-97,BoKa-ZH (Einzelfall),6704.50276119,359.697635317418
6,"6 - Futterbau bevorzugt, Ackerbau stark eingeschränkt",F,Fremdnässe,1,1 - Ackerbaugebiet,6F,1988-97,BoKa-ZH,22425.270653,749.4576552452941
5,5 - Futterbaubetonte Fruchtfolge,F,Fremdnässe,1,1 - Ackerbaugebiet,5F,1988-97,BoKa-ZH (Einzelfall),15107.21780395,811.284647672011
5,5 - Futterbaubetonte Fruchtfolge,E,Erosion,1,1 - Ackerbaugebiet,5E,1988-97,BoKa-ZH,22714.61034113,778.5513576032571
3,3 - Getreidebetonte Fruchtfolge 1. Güte,G,Nutzbarer Wurzelraum (Gründigkeit),1,1 - Ackerbaugebiet,3G,1988-97,BoKa-ZH,46491.80343026,1492.65799778852
3,3 - Getreidebetonte Fruchtfolge 1. Güte,G,Nutzbarer Wurzelraum (Gründigkeit),1,1 - Ackerbaugebiet,3G,1988-97,BoKa-ZH,13805.34029067,516.114307683948
3,3 - Getreidebetonte Fruchtfolge 1. Güte,S,Bodenskelett,1,1 - Ackerbaugebiet,3S,1988-97,BoKa-ZH,6580.80762442,395.446163331344
5,5 - Futterbaubetonte Fruchtfolge,F,Fremdnässe,1,1 - Ackerbaugebiet,5F,1988-97,BoKa-ZH (Einzelfall),71602.03973891,2118.26062940816
2,2 - Uneingeschränkte Fruchtfolge 2. Güte,S,Bodenskelett,1,1 - Ackerbaugebiet,2S,1988-97,BoKa-ZH,14727.49628939,786.8331007623791
3,3 - Getreidebetonte Fruchtfolge 1. Güte,S,Bodenskelett,1,1 - Ackerbaugebiet,3S,2009,FFF-Revision 09 (BoKa-ZH),181164.51417098,3456.43121835807
5,5 - Futterbaubetonte Fruchtfolge,N,Hangneigung,1,1 - Ackerbaugebiet,5N,1988-97,BoKa-ZH,3594.50200398,357.741684140498
7,7 - Gutes bis mässig gutes Wies- und Weideland,L,Lage im Relief,1,1 - Ackerbaugebiet,7L,1988-97,BoKa-ZH (Einzelfall),5693.7545438,504.68563540072404
1-5,Bereich 1-5,kA,keine Angabe,1,1 - Ackerbaugebiet,1-5,2009,FFF-Revision 09,6170.50495315,331.984603849499
1-5,Bereich 1-5,kA,keine Angabe,1,1 - Ackerbaugebiet,1-5,2009,FFF-Revision 09,239.5443763,63.00818649790949
7,7 - Gutes bis mässig gutes Wies- und Weideland,L,Lage im Relief,1,1 - Ackerbaugebiet,7L,1988-97,BoKa-ZH (Einzelfall),1273.95155875,150.084982705961
5,5 - Futterbaubetonte Fruchtfolge,N,Hangneigung,1,1 - Ackerbaugebiet,5N,1988-97,BoKa-ZH,3483.06236067,337.966744254647
7,7 - Gutes bis mässig gutes Wies- und Weideland,R,Hangneigung FFF,2,2 - Übergangsgebiet ackerbaubetont,7R,2009,FFF-Revision 09 (BoKa-ZH),5053.90868556,591.935384918136
6,"6 - Futterbau bevorzugt, Ackerbau stark eingeschränkt",R,Hangneigung FFF,2,2 - Übergangsgebiet ackerbaubetont,6R,2009,FFF-Revision 09 (BoKa-ZH),307.4140435,71.5170727780106
7,7 - Gutes bis mässig gutes Wies- und Weideland,R,Hangneigung FFF,2,2 - Übergangsgebiet ackerbaubetont,7R,2009,FFF-Revision 09 (BoKa-ZH),687.08396895,146.51413352157002
3,3 - Getreidebetonte Fruchtfolge 1. Güte,G,Nutzbarer Wurzelraum (Gründigkeit),2,2 - Übergangsgebiet ackerbaubetont,3G,1988-97,BoKa-ZH,6503.31059144,361.126124969189
2,2 - Uneingeschränkte Fruchtfolge 2. Güte,S,Bodenskelett,2,2 - Übergangsgebiet ackerbaubetont,2S,1988-97,BoKa-ZH,5019.83522138,507.58615212813703
7,7 - Gutes bis mässig gutes Wies- und Weideland,N,Hangneigung,2,2 - Übergangsgebiet ackerbaubetont,7N,1988-97,BoKa-ZH,6246.68212903,577.111972054412
7,7 - Gutes bis mässig gutes Wies- und Weideland,N,Hangneigung,2,2 - Übergangsgebiet ackerbaubetont,7N,2009,FFF-Revision 09 (BoKa-ZH),6632.05739762,447.437342684257
5,5 - Futterbaubetonte Fruchtfolge,N,Hangneigung,1,1 - Ackerbaugebiet,5N,1988-97,BoKa-ZH,10864.491670505,773.562500215234
4,4 - Getreidebetonte Fruchtfolge 2. Güte,S,Bodenskelett,1,1 - Ackerbaugebiet,4S,2009,FFF-Revision 09 (BoKa-ZH),125.081160855,47.906324367165496
5,5 - Futterbaubetonte Fruchtfolge,N,Hangneigung,1,1 - Ackerbaugebiet,5N,1988-97,BoKa-ZH,22330.37720148,1127.82630523075
9,9 - Extensives Wies- und Weideland,N,Hangneigung,2,2 - Übergangsgebiet ackerbaubetont,9N,2009,FFF-Revision 09 (BoKa-ZH),7210.94634349,497.13872340014206
2-5,Bereich 2-5,kA,keine Angabe,2,2 - Übergangsgebiet ackerbaubetont,2-5,2009,FFF-Revision 09,3389.86441794,286.318704604905
5,5 - Futterbaubetonte Fruchtfolge,B,Klimatisches Nutzungsgebiet,3,3 - Übergangsgebiet futterbaubetont,5B,1988-97,BoKa-ZH,25830.92891257,751.34234840279
1,1 - Uneingeschränkte Fruchtfolge 1. Güte,,,1,1 - Ackerbaugebiet,1,1988-97,BoKa-ZH,108815.61332669,2321.8945748538404
3,3 - Getreidebetonte Fruchtfolge 1. Güte,I,Staunässe,2,2 - Übergangsgebiet ackerbaubetont,3I,1988-97,BoKa-ZH,3123.29869775,356.057701964688
6,"6 - Futterbau bevorzugt, Ackerbau stark eingeschränkt",R,Hangneigung FFF,2,2 - Übergangsgebiet ackerbaubetont,6R,2009,FFF-Revision 09 (BoKa-ZH),401.44072984,101.884679042342
6,"6 - Futterbau bevorzugt, Ackerbau stark eingeschränkt",R,Hangneigung FFF,2,2 - Übergangsgebiet ackerbaubetont,6R,2009,FFF-Revision 09 (BoKa-ZH),2190.5624424,260.302597761352
2,2 - Uneingeschränkte Fruchtfolge 2. Güte,S,Bodenskelett,1,1 - Ackerbaugebiet,2S,1988-97,BoKa-ZH,2561.424008,241.639084551512
