NUMMER,AUSGESCHALTET_TXT,BELEUCHTUNGSTYP_TXT,BAUART_TXT,E,N
3,Beleuchtung eingeschaltet,"beleuchtet, überbautes Gebiet",Stahl gerade,2684358.763,1252818.186
1,Beleuchtung eingeschaltet,"beleuchtet, überbautes Gebiet",Stahl gerade,2684341.405,1253588.815
0,Beleuchtung eingeschaltet,nicht definiert,Stahl gerade,2684363.234,1253579.365
56,Beleuchtung eingeschaltet,"beleuchtet, überbautes Gebiet",Stahl mit Ausleger,2684596.95,1252619.325
43,Beleuchtung eingeschaltet,"beleuchtet, überbautes Gebiet",Stahl gerade,2684700.409,1252558.414
2,Beleuchtung eingeschaltet,"beleuchtet, überbautes Gebiet",Stahl gerade,2684378.582,1252784.146
81,Beleuchtung eingeschaltet,"beleuchtet, überbautes Gebiet",Stahl gerade,2684398.411,1252707.916
70,Beleuchtung eingeschaltet,"beleuchtet, überbautes Gebiet",Stahl gerade,2684494.321,1252693.675
62,Beleuchtung eingeschaltet,"beleuchtet, überbautes Gebiet",Stahl mit Ausleger,2684545.35,1252649.825
33,Beleuchtung eingeschaltet,"beleuchtet, überbautes Gebiet",Stahl gerade,2684501.145,1253032.494
48,Beleuchtung eingeschaltet,"beleuchtet, überbautes Gebiet",Stahl gerade,2684568.936,1253162.653
19,Beleuchtung eingeschaltet,"beleuchtet, überbautes Gebiet",Stahl gerade,2684686.874,1253917.627
16,Beleuchtung eingeschaltet,"beleuchtet, überbautes Gebiet",Stahl gerade,2684908.209,1252447.893
13,Beleuchtung eingeschaltet,"beleuchtet, überbautes Gebiet",Stahl gerade,2684932.649,1252433.443
8,Beleuchtung eingeschaltet,"beleuchtet, überbautes Gebiet",Stahl mit Ausleger,2684974.549,1252396.953
7,Beleuchtung eingeschaltet,"beleuchtet, überbautes Gebiet",Stahl gerade,2684980.179,1252405.433
6,Beleuchtung eingeschaltet,"beleuchtet, überbautes Gebiet",Stahl gerade,2684986.489,1252365.363
5,Beleuchtung eingeschaltet,"beleuchtet, überbautes Gebiet",Stahl gerade,2684993.659,1252377.013
89,Beleuchtung eingeschaltet,"beleuchtet, überbautes Gebiet",Stahl gerade,2684791.998,1253378.01
100,Beleuchtung eingeschaltet,"beleuchtet, überbautes Gebiet",Stahl gerade,2685106.427,1253481.117
111,Beleuchtung eingeschaltet,"beleuchtet, nicht überbautes Gebiet, Beleuchtung technisch in Ordnung",Stahl gerade,2685448.199,1253583.443
114,Beleuchtung eingeschaltet,"beleuchtet, überbautes Gebiet",Stahl gerade,2685539.863,1253618.238
28,Beleuchtung eingeschaltet,"beleuchtet, überbautes Gebiet",Stahl gerade,2685637.941,1253901.823
46,Beleuchtung eingeschaltet,"beleuchtet, überbautes Gebiet",Stahl gerade,2685805.793,1252437.72
57,Beleuchtung eingeschaltet,"beleuchtet, überbautes Gebiet",Stahl gerade,2685778.167,1253214.858
65,Beleuchtung eingeschaltet,"beleuchtet, nicht überbautes Gebiet, Beleuchtung technisch in Ordnung",Stahl gerade,2685828.366,1253034.422
42,Beleuchtung eingeschaltet,"beleuchtet, überbautes Gebiet",Stahl gerade,2685711.937,1253550.823
44,Beleuchtung eingeschaltet,"beleuchtet, überbautes Gebiet",Stahl gerade,2685718.937,1253515.823
102,Beleuchtung eingeschaltet,"beleuchtet, nicht überbautes Gebiet, Beleuchtung technisch in Ordnung",Stahl gerade,2686160.886,1251612.982
109,Beleuchtung eingeschaltet,"beleuchtet, nicht überbautes Gebiet, Beleuchtung technisch in Ordnung",Stahl gerade,2686168.956,1251586.524
114,Beleuchtung eingeschaltet,"beleuchtet, überbautes Gebiet",Stahl gerade,2686258.154,1251689.107
118,Beleuchtung eingeschaltet,"beleuchtet, überbautes Gebiet",Stahl gerade,2686295.613,1251780.163
121,Beleuchtung eingeschaltet,"beleuchtet, überbautes Gebiet",Stahl gerade,2686308.711,1251859.273
2,Beleuchtung eingeschaltet,"beleuchtet, überbautes Gebiet",Stahl gerade,2686233.472,1252147.706
15,Beleuchtung eingeschaltet,"beleuchtet, überbautes Gebiet",Stahl gerade,2686311.802,1252031.446
32,Beleuchtung eingeschaltet,"beleuchtet, überbautes Gebiet",Stahl gerade,2686069.002,1252356.436
30,Beleuchtung eingeschaltet,"beleuchtet, überbautes Gebiet",Stahl gerade,2686098.632,1252362.206
25,Beleuchtung eingeschaltet,"beleuchtet, überbautes Gebiet",Stahl gerade,2686196.512,1252337.236
5105,Beleuchtung eingeschaltet,"beleuchtet, überbautes Gebiet",Stahl mit Ausleger,2686602.109,1244975.711
5102,Beleuchtung eingeschaltet,"beleuchtet, überbautes Gebiet",Queraufhängung,2686551.65,1245039.96
5103,Beleuchtung eingeschaltet,"beleuchtet, überbautes Gebiet",Stahl mit Ausleger,2686568.76,1245019.999
4,Beleuchtung eingeschaltet,"beleuchtet, überbautes Gebiet",Beton,2686403.738,1252197.017
5112,Beleuchtung eingeschaltet,"beleuchtet, überbautes Gebiet",Stahl mit Ausleger,2686733.623,1244835.046
141,Beleuchtung eingeschaltet,"beleuchtet, nicht überbautes Gebiet, Beleuchtung muss angepasst werden",nicht definiert,2683879.286,1253965.457
8,Beleuchtung eingeschaltet,"beleuchtet, überbautes Gebiet",Stahl gerade,2684402.673,1252825.666
17,Beleuchtung eingeschaltet,"beleuchtet, überbautes Gebiet",Stahl gerade,2684437.144,1252909.855
77,Beleuchtung eingeschaltet,"beleuchtet, überbautes Gebiet",Stahl gerade,2684443.152,1252725.126
76,Beleuchtung eingeschaltet,"beleuchtet, überbautes Gebiet",Stahl gerade,2684450.301,1252677.556
23,Beleuchtung eingeschaltet,"beleuchtet, überbautes Gebiet",Stahl gerade,2684466.484,1252946.755
73,Beleuchtung eingeschaltet,"beleuchtet, überbautes Gebiet",Stahl gerade,2684474.141,1252662.095
35,Beleuchtung eingeschaltet,"beleuchtet, überbautes Gebiet",Stahl gerade,2684496.835,1253070.164
43,Beleuchtung eingeschaltet,"beleuchtet, überbautes Gebiet",Stahl gerade,2684552.146,1253111.083
50,Beleuchtung eingeschaltet,"beleuchtet, überbautes Gebiet",Stahl gerade,2684563.287,1253197.293
56,Beleuchtung eingeschaltet,"beleuchtet, überbautes Gebiet",Stahl gerade,2684591.287,1253247.442
0,Beleuchtung eingeschaltet,nicht definiert,Stahl gerade,2684393.121,1253602.032
9,Beleuchtung eingeschaltet,"beleuchtet, überbautes Gebiet",Stahl gerade,2684513.035,1253741.611
15,Beleuchtung eingeschaltet,"beleuchtet, überbautes Gebiet",Stahl gerade,2684644.014,1253848.15
18,Beleuchtung eingeschaltet,"beleuchtet, überbautes Gebiet",Stahl gerade,2684661.884,1253892.56
42,Beleuchtung eingeschaltet,"beleuchtet, überbautes Gebiet",Stahl gerade,2684706.679,1252569.484
39,Beleuchtung eingeschaltet,"beleuchtet, überbautes Gebiet",Stahl mit Ausleger,2684733.419,1252554.244
30,Beleuchtung eingeschaltet,"beleuchtet, überbautes Gebiet",Stahl gerade,2684795.589,1252479.304
22,Beleuchtung eingeschaltet,"beleuchtet, überbautes Gebiet",Stahl gerade,2684860.069,1252476.473
9,Beleuchtung eingeschaltet,"beleuchtet, überbautes Gebiet",Stahl gerade,2684959.819,1252382.583
3,Beleuchtung eingeschaltet,"beleuchtet, überbautes Gebiet",Stahl gerade,2685024.039,1252389.933
78,Beleuchtung eingeschaltet,"beleuchtet, überbautes Gebiet",Stahl gerade,2684713.018,1253327.161
25,Beleuchtung eingeschaltet,"beleuchtet, überbautes Gebiet",Stahl gerade,2684812.105,1254040.008
26,Beleuchtung eingeschaltet,"beleuchtet, überbautes Gebiet",Stahl gerade,2684834.855,1254062.648
102,Beleuchtung eingeschaltet,"beleuchtet, überbautes Gebiet",Stahl gerade,2685163.768,1253498.141
110,Beleuchtung eingeschaltet,"beleuchtet, überbautes Gebiet",Stahl gerade,2685419.79,1253573.773
39,Beleuchtung eingeschaltet,"beleuchtet, überbautes Gebiet",Stahl gerade,2685677.938,1253636.823
118,Beleuchtung eingeschaltet,"beleuchtet, überbautes Gebiet",Stahl gerade,2685632.462,1253709.059
119,Beleuchtung eingeschaltet,"beleuchtet, überbautes Gebiet",Stahl gerade,2685649.171,1253721.068
20,Beleuchtung eingeschaltet,"beleuchtet, überbautes Gebiet",Stahl gerade,2685566.943,1254105.823
22,Beleuchtung eingeschaltet,"beleuchtet, überbautes Gebiet",Stahl gerade,2685617.943,1254075.822
48,Beleuchtung eingeschaltet,"beleuchtet, überbautes Gebiet",Stahl gerade,2685779.032,1252412.708
50,Beleuchtung eingeschaltet,"beleuchtet, überbautes Gebiet",Stahl gerade,2685788.475,1252426.858
56,Beleuchtung eingeschaltet,"beleuchtet, überbautes Gebiet",Stahl gerade,2685784.934,1253243.824
68,Beleuchtung eingeschaltet,"beleuchtet, überbautes Gebiet",Stahl gerade,2685847.053,1253105.791
40,Beleuchtung eingeschaltet,"beleuchtet, überbautes Gebiet",Stahl gerade,2685699.938,1253614.823
50,Beleuchtung eingeschaltet,"beleuchtet, überbautes Gebiet",Stahl gerade,2685749.936,1253380.824
111,Beleuchtung eingeschaltet,"beleuchtet, nicht überbautes Gebiet, Beleuchtung technisch in Ordnung",Stahl gerade,2686201.897,1251628.593
8,Beleuchtung eingeschaltet,"beleuchtet, überbautes Gebiet",Stahl gerade,2686308.502,1251895.96
20,Beleuchtung eingeschaltet,"beleuchtet, überbautes Gebiet",Stahl gerade,2686239.082,1252098.096
17,Beleuchtung eingeschaltet,"beleuchtet, überbautes Gebiet",Stahl gerade,2686291.098,1252137.936
15,Beleuchtung eingeschaltet,"beleuchtet, überbautes Gebiet",Beton,2686292.275,1252108.938
11,Beleuchtung eingeschaltet,"beleuchtet, überbautes Gebiet",Stahl gerade,2686311.403,1251993.059
2,Beleuchtung eingeschaltet,"beleuchtet, überbautes Gebiet",Stahl gerade,2686341.205,1252189.131
13,Beleuchtung eingeschaltet,"beleuchtet, überbautes Gebiet",Stahl gerade,2686363.012,1252033.726
29,Beleuchtung eingeschaltet,"beleuchtet, überbautes Gebiet",Stahl gerade,2686125.462,1252354.896
5107,Beleuchtung eingeschaltet,"beleuchtet, überbautes Gebiet",Stahl mit Ausleger,2686634.763,1244932.61
12,Beleuchtung eingeschaltet,"beleuchtet, überbautes Gebiet",Stahl gerade,2686389.292,1252034.906
8,Beleuchtung eingeschaltet,"beleuchtet, überbautes Gebiet",Aluminium,2686494.894,1252180.503
9,Beleuchtung eingeschaltet,"beleuchtet, überbautes Gebiet",Aluminium mit VRA-Anlage,2686517.366,1252180.035
6,Beleuchtung eingeschaltet,"beleuchtet, überbautes Gebiet",Stahl gerade,2686529.142,1252040.756
63,Beleuchtung eingeschaltet,"beleuchtet, überbautes Gebiet",Stahl gerade,2684533.76,1252629.365
79,Beleuchtung eingeschaltet,"beleuchtet, überbautes Gebiet",Stahl gerade,2684424.411,1252692.706
71,Beleuchtung eingeschaltet,"beleuchtet, überbautes Gebiet",Stahl mit Ausleger,2684489.981,1252686.595
65,Beleuchtung eingeschaltet,"beleuchtet, überbautes Gebiet",Stahl mit Ausleger,2684527.091,1252662.305
36,Beleuchtung eingeschaltet,"beleuchtet, überbautes Gebiet",Stahl gerade,2684514.025,1253057.614
51,Beleuchtung eingeschaltet,"beleuchtet, überbautes Gebiet",Stahl gerade,2684583.097,1253189.073
52,Beleuchtung eingeschaltet,"beleuchtet, überbautes Gebiet",Stahl gerade,2684593.036,1253182.763
71,Beleuchtung eingeschaltet,"beleuchtet, überbautes Gebiet",Stahl gerade,2684675.208,1253287.052
76,Beleuchtung eingeschaltet,"beleuchtet, überbautes Gebiet",Stahl gerade,2684701.808,1253299.391
2,Beleuchtung eingeschaltet,"beleuchtet, überbautes Gebiet",Stahl gerade,2684373.802,1253600.399
5,Beleuchtung eingeschaltet,"beleuchtet, überbautes Gebiet",Stahl gerade,2684421.962,1253658.898
10,Beleuchtung eingeschaltet,nicht definiert,Stahl mit Ausleger,2684535,1253763
17,Beleuchtung eingeschaltet,"beleuchtet, überbautes Gebiet",Stahl gerade,2684661.094,1253870.54
33,Beleuchtung eingeschaltet,"beleuchtet, überbautes Gebiet",Stahl gerade,2684769.469,1252494.684
20,Beleuchtung eingeschaltet,"beleuchtet, überbautes Gebiet",Stahl mit Ausleger,2684878.709,1252453.253
19,Beleuchtung eingeschaltet,"beleuchtet, überbautes Gebiet",Stahl gerade,2684884.259,1252462.063
17,Beleuchtung eingeschaltet,"beleuchtet, überbautes Gebiet",Stahl mit Ausleger,2684902.689,1252439.113
10,Beleuchtung eingeschaltet,"beleuchtet, überbautes Gebiet",Stahl gerade,2684956.149,1252419.543
88,Beleuchtung eingeschaltet,"beleuchtet, überbautes Gebiet",Stahl auf Joch (VRA-Anlage),2684759.018,1253361.671
105,Beleuchtung eingeschaltet,"beleuchtet, überbautes Gebiet",Stahl gerade,2685248.768,1253523.094
115,Beleuchtung eingeschaltet,"beleuchtet, überbautes Gebiet",Stahl gerade,2685565.078,1253635.968
35,Beleuchtung eingeschaltet,"beleuchtet, überbautes Gebiet",Stahl gerade,2685665.939,1253751.823
51,Beleuchtung eingeschaltet,"beleuchtet, nicht überbautes Gebiet, Beleuchtung technisch in Ordnung",Stahl gerade,2685760.161,1252454.379
40,Beleuchtung eingeschaltet,"beleuchtet, überbautes Gebiet",Stahl auf Joch (VRA-Anlage),2685934.581,1252402.181
37,Beleuchtung eingeschaltet,"beleuchtet, überbautes Gebiet",Stahl gerade,2685987.132,1252386.186
55,Beleuchtung eingeschaltet,"beleuchtet, überbautes Gebiet",Stahl gerade,2685764.935,1253252.824
63,Beleuchtung eingeschaltet,"beleuchtet, nicht überbautes Gebiet, Beleuchtung muss angepasst werden",Aluminium,2685787.104,1253004.565
49,Beleuchtung eingeschaltet,"beleuchtet, überbautes Gebiet",Stahl gerade,2685728.936,1253398.824
53,Beleuchtung eingeschaltet,"beleuchtet, überbautes Gebiet",Stahl gerade,2685746.935,1253316.824
104,Beleuchtung eingeschaltet,"beleuchtet, nicht überbautes Gebiet, Beleuchtung technisch in Ordnung",Stahl gerade,2686198.093,1251656.96
106,Beleuchtung eingeschaltet,"beleuchtet, überbautes Gebiet",Stahl gerade,2686237.649,1251698.499
116,Beleuchtung eingeschaltet,"beleuchtet, überbautes Gebiet",Stahl gerade,2686286.432,1251728.736
119,Beleuchtung eingeschaltet,"beleuchtet, überbautes Gebiet",Stahl gerade,2686302.096,1251801.991
120,Beleuchtung eingeschaltet,"beleuchtet, überbautes Gebiet",Stahl gerade,2686307.652,1251828.846
9,Beleuchtung eingeschaltet,"beleuchtet, überbautes Gebiet",Stahl gerade,2686313.657,1251930.041
1,Beleuchtung eingeschaltet,"beleuchtet, überbautes Gebiet",Stahl gerade,2686236.322,1252121.756
21,Beleuchtung eingeschaltet,"beleuchtet, überbautes Gebiet",Stahl gerade,2686265.866,1252247.979
1,Beleuchtung eingeschaltet,"beleuchtet, überbautes Gebiet",Stahl auf Joch (VRA-Anlage),2686311.478,1252184.354
31,Beleuchtung eingeschaltet,"beleuchtet, überbautes Gebiet",Stahl gerade,2686074.376,1252381.734
1,Beleuchtung eingeschaltet,"beleuchtet, überbautes Gebiet",Stahl gerade,2686168.072,1252367.656
5106,Beleuchtung eingeschaltet,"beleuchtet, überbautes Gebiet",Stahl mit Ausleger,2686618.617,1244953.829
5101,Beleuchtung eingeschaltet,"beleuchtet, überbautes Gebiet",Queraufhängung,2686529.315,1245058.872
11,Beleuchtung eingeschaltet,"beleuchtet, überbautes Gebiet",Aluminium,2686568.803,1252179.917
13,Beleuchtung eingeschaltet,"beleuchtet, überbautes Gebiet",Aluminium,2686633.292,1252184.131
55,Beleuchtung eingeschaltet,"beleuchtet, überbautes Gebiet",Stahl gerade,2684602.04,1252628.055
50,Beleuchtung eingeschaltet,"beleuchtet, überbautes Gebiet",Stahl mit Ausleger,2684648.629,1252588.824
49,Beleuchtung eingeschaltet,"beleuchtet, überbautes Gebiet",Stahl gerade,2684653.839,1252597.565
13,Beleuchtung eingeschaltet,"beleuchtet, überbautes Gebiet",Stahl gerade,2684396.874,1252883.025
80,Beleuchtung eingeschaltet,"beleuchtet, überbautes Gebiet",Stahl gerade,2684412.642,1252732.596
10,Beleuchtung eingeschaltet,"beleuchtet, überbautes Gebiet",Stahl gerade,2684412.893,1252839.615
78,Beleuchtung eingeschaltet,"beleuchtet, überbautes Gebiet",Stahl gerade,2684418.621,1252714.786
19,Beleuchtung eingeschaltet,"beleuchtet, überbautes Gebiet",Stahl gerade,2684425.834,1252934.105
22,Beleuchtung eingeschaltet,"beleuchtet, überbautes Gebiet",Stahl gerade,2684439.804,1252960.685
20,Beleuchtung eingeschaltet,"beleuchtet, überbautes Gebiet",Stahl gerade,2684450.184,1252934.875
69,Beleuchtung eingeschaltet,"beleuchtet, überbautes Gebiet",Stahl gerade,2684494.85,1252652.395
67,Beleuchtung eingeschaltet,"beleuchtet, überbautes Gebiet",Stahl gerade,2684513.371,1252681.445
61,Beleuchtung eingeschaltet,"beleuchtet, überbautes Gebiet",Stahl gerade,2684550.9,1252658.185
26,Beleuchtung eingeschaltet,"beleuchtet, überbautes Gebiet",Stahl gerade,2684456.235,1252992.494
29,Beleuchtung eingeschaltet,"beleuchtet, überbautes Gebiet",Stahl gerade,2684471.715,1253021.994
27,Beleuchtung eingeschaltet,"beleuchtet, überbautes Gebiet",Stahl gerade,2684475.874,1252984.144
39,Beleuchtung eingeschaltet,"beleuchtet, überbautes Gebiet",Stahl gerade,2684527.365,1253082.804
53,Beleuchtung eingeschaltet,"beleuchtet, überbautes Gebiet",Stahl gerade,2684577.707,1253224.513
59,Beleuchtung eingeschaltet,"beleuchtet, überbautes Gebiet",Stahl gerade,2684604.378,1253268.412
55,Beleuchtung eingeschaltet,"beleuchtet, überbautes Gebiet",Stahl gerade,2684608.177,1253203.852
67,Beleuchtung eingeschaltet,"beleuchtet, überbautes Gebiet",Stahl gerade,2684649.797,1253271.622
68,Beleuchtung eingeschaltet,"beleuchtet, überbautes Gebiet",Stahl gerade,2684654.447,1253266.872
0,Beleuchtung eingeschaltet,nicht definiert,Stahl gerade,2684465.485,1253675.57
7,Beleuchtung eingeschaltet,"beleuchtet, überbautes Gebiet",Stahl gerade,2684468.763,1253701.983
0,Beleuchtung eingeschaltet,nicht definiert,Stahl gerade,2684496.715,1253699.747
14,Beleuchtung eingeschaltet,"beleuchtet, überbautes Gebiet",Stahl gerade,2684630.404,1253856.94
36,Beleuchtung eingeschaltet,"beleuchtet, überbautes Gebiet",Stahl gerade,2684748.819,1252503.134
34,Beleuchtung eingeschaltet,"beleuchtet, überbautes Gebiet",Stahl gerade,2684763.259,1252513.724
31,Beleuchtung eingeschaltet,"beleuchtet, überbautes Gebiet",Stahl gerade,2684786.519,1252521.994
29,Beleuchtung eingeschaltet,"beleuchtet, überbautes Gebiet",Stahl mit Ausleger,2684805.919,1252496.104
14,Beleuchtung eingeschaltet,"beleuchtet, überbautes Gebiet",Stahl mit Ausleger,2684926.829,1252424.883
86,Beleuchtung eingeschaltet,"beleuchtet, überbautes Gebiet",Stahl gerade,2684730.688,1253363.131
91,Beleuchtung eingeschaltet,"beleuchtet, überbautes Gebiet",Unterführungsleuchte,2684840.344,1253407.669
95,Beleuchtung eingeschaltet,"beleuchtet, überbautes Gebiet",Stahl gerade,2684961.834,1253438.566
96,Beleuchtung eingeschaltet,"beleuchtet, überbautes Gebiet",Stahl gerade,2684991.144,1253447.196
20,Beleuchtung eingeschaltet,"beleuchtet, überbautes Gebiet",Stahl gerade,2684720.784,1253948.489
24,Beleuchtung eingeschaltet,"beleuchtet, überbautes Gebiet",Stahl gerade,2684789.925,1254017.798
27,Beleuchtung eingeschaltet,"beleuchtet, überbautes Gebiet",Stahl gerade,2684861.785,1254089.148
28,Beleuchtung eingeschaltet,"beleuchtet, überbautes Gebiet",Stahl gerade,2684886.405,1254113.848
109,Beleuchtung eingeschaltet,"beleuchtet, überbautes Gebiet",Stahl gerade,2685391.134,1253564.848
112,Beleuchtung eingeschaltet,"beleuchtet, nicht überbautes Gebiet, Beleuchtung technisch in Ordnung",Stahl gerade,2685485.291,1253600.568
34,Beleuchtung eingeschaltet,"beleuchtet, überbautes Gebiet",Stahl gerade,2685651.94,1253785.823
25,Beleuchtung eingeschaltet,"beleuchtet, überbautes Gebiet",Stahl gerade,2685624.942,1253987.823
36,Beleuchtung eingeschaltet,"beleuchtet, überbautes Gebiet",Stahl gerade,2686006.629,1252396.166
58,Beleuchtung eingeschaltet,"beleuchtet, überbautes Gebiet",Stahl gerade,2685801.934,1253203.824
64,Beleuchtung eingeschaltet,"beleuchtet, nicht überbautes Gebiet, Beleuchtung technisch in Ordnung",Stahl gerade,2685810.194,1253015.964
60,Beleuchtung eingeschaltet,"beleuchtet, überbautes Gebiet",Stahl gerade,2685825.934,1253161.824
69,Beleuchtung eingeschaltet,"beleuchtet, überbautes Gebiet",Stahl gerade,2685843.964,1253135.568
47,Beleuchtung eingeschaltet,"beleuchtet, überbautes Gebiet",Stahl gerade,2685728.937,1253472.823
48,Beleuchtung eingeschaltet,"beleuchtet, überbautes Gebiet",Stahl gerade,2685738.936,1253426.823
5492,Beleuchtung eingeschaltet,"beleuchtet, überbautes Gebiet",Stahl mit Ausleger,2686080.908,1244823.423
103,Beleuchtung eingeschaltet,"beleuchtet, nicht überbautes Gebiet, Beleuchtung technisch in Ordnung",Stahl gerade,2686178.878,1251635.736
110,Beleuchtung eingeschaltet,"beleuchtet, nicht überbautes Gebiet, Beleuchtung technisch in Ordnung",Stahl gerade,2686181.392,1251606.103
23,Beleuchtung eingeschaltet,"beleuchtet, überbautes Gebiet",Stahl gerade,2686243.132,1252298.906
34,Beleuchtung eingeschaltet,"beleuchtet, überbautes Gebiet",Stahl gerade,2686035.967,1252389.889
33,Beleuchtung eingeschaltet,"beleuchtet, überbautes Gebiet",Stahl gerade,2686040.742,1252374.946
5108,Beleuchtung eingeschaltet,"beleuchtet, überbautes Gebiet",Stahl mit Ausleger,2686651.401,1244911.375
5109,Beleuchtung eingeschaltet,"beleuchtet, überbautes Gebiet",Stahl mit Ausleger,2686670.628,1244889.359
14,Beleuchtung eingeschaltet,"beleuchtet, überbautes Gebiet",Beton,2686661.876,1252207.637
15,Beleuchtung eingeschaltet,"beleuchtet, überbautes Gebiet",Beton,2686698.837,1252223.32
57,Beleuchtung eingeschaltet,"beleuchtet, überbautes Gebiet",Stahl gerade,2684585.47,1252599.095
54,Beleuchtung eingeschaltet,"beleuchtet, überbautes Gebiet",Stahl gerade,2684610.979,1252583.835
48,Beleuchtung eingeschaltet,"beleuchtet, überbautes Gebiet",Stahl gerade,2684663.229,1252553.215
47,Beleuchtung eingeschaltet,"beleuchtet, überbautes Gebiet",Stahl mit Ausleger,2684674.559,1252573.654
46,Beleuchtung eingeschaltet,"beleuchtet, überbautes Gebiet",Stahl gerade,2684680.039,1252583.534
45,Beleuchtung eingeschaltet,"beleuchtet, überbautes Gebiet",Stahl gerade,2684689.249,1252542.174
83,Beleuchtung eingeschaltet,"beleuchtet, überbautes Gebiet",Stahl gerade,2684390.992,1252758.136
82,Beleuchtung eingeschaltet,"beleuchtet, überbautes Gebiet",Stahl gerade,2684391.992,1252729.826
16,Beleuchtung eingeschaltet,"beleuchtet, überbautes Gebiet",Stahl gerade,2684412.254,1252909.235
24,Beleuchtung eingeschaltet,"beleuchtet, überbautes Gebiet",Stahl gerade,2684463.194,1252959.905
72,Beleuchtung eingeschaltet,"beleuchtet, überbautes Gebiet",Stahl gerade,2684480.651,1252678.275
64,Beleuchtung eingeschaltet,"beleuchtet, überbautes Gebiet",Stahl gerade,2684531.831,1252669.635
32,Beleuchtung eingeschaltet,"beleuchtet, überbautes Gebiet",Stahl gerade,2684483.785,1253045.094
38,Beleuchtung eingeschaltet,"beleuchtet, überbautes Gebiet",Stahl gerade,2684510.376,1253095.934
44,Beleuchtung eingeschaltet,"beleuchtet, überbautes Gebiet",Stahl gerade,2684538.726,1253150.313
42,Beleuchtung eingeschaltet,"beleuchtet, überbautes Gebiet",Stahl gerade,2684541.306,1253109.393
45,Beleuchtung eingeschaltet,"beleuchtet, überbautes Gebiet",Stahl gerade,2684555.246,1253135.973
54,Beleuchtung eingeschaltet,"beleuchtet, überbautes Gebiet",Stahl gerade,2684601.947,1253212.212
72,Beleuchtung eingeschaltet,"beleuchtet, überbautes Gebiet",Stahl gerade,2684681.547,1253280.122
75,Beleuchtung eingeschaltet,"beleuchtet, überbautes Gebiet",Stahl gerade,2684692.928,1253305.872
0,Beleuchtung eingeschaltet,nicht definiert,Stahl gerade,2684384.054,1253593.469
4,Beleuchtung eingeschaltet,"beleuchtet, überbautes Gebiet",Stahl gerade,2684403.565,1253631.527
85,Beleuchtung eingeschaltet,"beleuchtet, überbautes Gebiet",Stahl gerade,2684702.499,1253383.861
0,Beleuchtung eingeschaltet,nicht definiert,Stahl gerade,2684448.528,1253657.269
40,Beleuchtung eingeschaltet,"beleuchtet, überbautes Gebiet",Stahl gerade,2684708.492,1252544.282
32,Beleuchtung eingeschaltet,"beleuchtet, überbautes Gebiet",Stahl mit Ausleger,2684780.859,1252511.224
21,Beleuchtung eingeschaltet,"beleuchtet, überbautes Gebiet",Stahl gerade,2684869.199,1252435.994
18,Beleuchtung eingeschaltet,"beleuchtet, überbautes Gebiet",Stahl gerade,2684892.349,1252422.384
11,Beleuchtung eingeschaltet,"beleuchtet, überbautes Gebiet",Stahl mit Ausleger,2684950.899,1252410.723
4,Beleuchtung eingeschaltet,"beleuchtet, überbautes Gebiet",Stahl gerade,2685002.539,1252395.573
97,Beleuchtung eingeschaltet,"beleuchtet, überbautes Gebiet",Stahl gerade,2685019.72,1253455.663
98,Beleuchtung eingeschaltet,"beleuchtet, überbautes Gebiet",Stahl gerade,2685048.669,1253464.147
106,Beleuchtung eingeschaltet,"beleuchtet, überbautes Gebiet",Stahl gerade,2685277.165,1253531.43
108,Beleuchtung eingeschaltet,"beleuchtet, überbautes Gebiet",Stahl gerade,2685333.751,1253548.075
41,Beleuchtung eingeschaltet,"beleuchtet, überbautes Gebiet",Stahl gerade,2685687.938,1253585.823
116,Beleuchtung eingeschaltet,"beleuchtet, überbautes Gebiet",Stahl gerade,2685584.084,1253664.138
117,Beleuchtung eingeschaltet,"beleuchtet, überbautes Gebiet",Stahl gerade,2685607.945,1253686.765
31,Beleuchtung eingeschaltet,"beleuchtet, überbautes Gebiet",Stahl gerade,2685664.94,1253833.823
36,Beleuchtung eingeschaltet,"beleuchtet, überbautes Gebiet",Stahl gerade,2685672.939,1253711.823
19,Beleuchtung eingeschaltet,"beleuchtet, überbautes Gebiet",Stahl gerade,2685536.943,1254117.823
21,Beleuchtung eingeschaltet,"beleuchtet, überbautes Gebiet",Stahl gerade,2685600.943,1254097.822
47,Beleuchtung eingeschaltet,"beleuchtet, überbautes Gebiet",Stahl gerade,2685816.152,1252415.797
42,Beleuchtung eingeschaltet,"beleuchtet, überbautes Gebiet",Stahl gerade,2685876.842,1252405.187
41,Beleuchtung eingeschaltet,"beleuchtet, überbautes Gebiet",Stahl auf Joch (VRA-Anlage),2685897.622,1252410.66
54,Beleuchtung eingeschaltet,"beleuchtet, überbautes Gebiet",Stahl gerade,2685772.935,1253289.824
43,Beleuchtung eingeschaltet,"beleuchtet, überbautes Gebiet",Stahl gerade,2685699.937,1253531.823
51,Beleuchtung eingeschaltet,"beleuchtet, überbautes Gebiet",Stahl gerade,2685736.936,1253365.824
107,Beleuchtung eingeschaltet,"beleuchtet, überbautes Gebiet",Stahl gerade,2686253.259,1251718.211
115,Beleuchtung eingeschaltet,"beleuchtet, überbautes Gebiet",Stahl gerade,2686273.632,1251708.686
9,Beleuchtung eingeschaltet,"beleuchtet, überbautes Gebiet",Stahl gerade,2686299.052,1251929.565
22,Beleuchtung eingeschaltet,"beleuchtet, überbautes Gebiet",Stahl gerade,2686255.018,1252273.273
12,Beleuchtung eingeschaltet,"beleuchtet, überbautes Gebiet",Stahl gerade,2686307.043,1252023.068
14,Beleuchtung eingeschaltet,"beleuchtet, überbautes Gebiet",Beton,2686307.459,1252082.505
5189,Beleuchtung eingeschaltet,"beleuchtet, überbautes Gebiet",Stahl mit Ausleger,2686497.212,1245086.822
3,Beleuchtung eingeschaltet,"beleuchtet, überbautes Gebiet",Aluminium,2686370.275,1252191.344
11,Beleuchtung eingeschaltet,"beleuchtet, überbautes Gebiet",Stahl gerade,2686415.562,1252036.076
6,Beleuchtung eingeschaltet,"beleuchtet, überbautes Gebiet",Stahl gerade,2686452.148,1252190.873
88,Beleuchtung eingeschaltet,"beleuchtet, überbautes Gebiet",Stahl gerade,2684311.492,1252756.536
1,Beleuchtung eingeschaltet,"beleuchtet, überbautes Gebiet",Stahl gerade,2684345.652,1252798.455
6,Beleuchtung eingeschaltet,"beleuchtet, überbautes Gebiet",Stahl gerade,2684369.823,1252836.956
0,Beleuchtung eingeschaltet,nicht definiert,Stahl gerade,2684341.911,1253567.277
60,Beleuchtung eingeschaltet,"beleuchtet, überbautes Gebiet",Stahl gerade,2684559.22,1252614.325
58,Beleuchtung eingeschaltet,"beleuchtet, überbautes Gebiet",Stahl gerade,2684576.25,1252643.255
9,Beleuchtung eingeschaltet,"beleuchtet, überbautes Gebiet",Stahl gerade,2684381.653,1252858.085
5,Beleuchtung eingeschaltet,"beleuchtet, überbautes Gebiet",Stahl gerade,2684390.003,1252803.956
7,Beleuchtung eingeschaltet,"beleuchtet, überbautes Gebiet",Stahl gerade,2684395.443,1252832.935
14,Beleuchtung eingeschaltet,"beleuchtet, überbautes Gebiet",Stahl gerade,2684422.603,1252882.775
30,Beleuchtung eingeschaltet,"beleuchtet, überbautes Gebiet",Stahl gerade,2684488.855,1253008.864
47,Beleuchtung eingeschaltet,"beleuchtet, überbautes Gebiet",Stahl gerade,2684551.157,1253174.033
57,Beleuchtung eingeschaltet,"beleuchtet, überbautes Gebiet",Stahl gerade,2684613.307,1253234.202
62,Beleuchtung eingeschaltet,"beleuchtet, überbautes Gebiet",Stahl gerade,2684623.488,1253283.042
66,Beleuchtung eingeschaltet,"beleuchtet, überbautes Gebiet",Stahl gerade,2684643.648,1253282.612
69,Beleuchtung eingeschaltet,"beleuchtet, überbautes Gebiet",Stahl gerade,2684660.267,1253260.742
3,Beleuchtung eingeschaltet,"beleuchtet, überbautes Gebiet",Stahl gerade,2684381.965,1253622.462
6,Beleuchtung eingeschaltet,"beleuchtet, überbautes Gebiet",Stahl gerade,2684445.042,1253679.505
8,Beleuchtung eingeschaltet,"beleuchtet, überbautes Gebiet",Stahl gerade,2684490.763,1253722.765
12,Beleuchtung eingeschaltet,"beleuchtet, überbautes Gebiet",Stahl gerade,2684589.673,1253816.692
13,Beleuchtung eingeschaltet,"beleuchtet, überbautes Gebiet",Stahl gerade,2684613.554,1253840.58
37,Beleuchtung eingeschaltet,"beleuchtet, überbautes Gebiet",Stahl mit Ausleger,2684736.919,1252527.454
27,Beleuchtung eingeschaltet,"beleuchtet, überbautes Gebiet",Stahl gerade,2684821.029,1252464.414
25,Beleuchtung eingeschaltet,"beleuchtet, überbautes Gebiet",Stahl gerade,2684836.639,1252490.754
79,Beleuchtung eingeschaltet,"beleuchtet, überbautes Gebiet",Stahl gerade,2684722.028,1253318.801
82,Beleuchtung eingeschaltet,"beleuchtet, überbautes Gebiet",Stahl gerade,2684730.808,1253343.841
92,Beleuchtung eingeschaltet,"beleuchtet, überbautes Gebiet",Stahl gerade,2684875.343,1253411.582
93,Beleuchtung eingeschaltet,"beleuchtet, überbautes Gebiet",Stahl gerade,2684903.938,1253421.53
22,Beleuchtung eingeschaltet,"beleuchtet, überbautes Gebiet",Stahl gerade,2684741.545,1253968.629
23,Beleuchtung eingeschaltet,"beleuchtet, überbautes Gebiet",Stahl gerade,2684765.435,1253993.449
104,Beleuchtung eingeschaltet,"beleuchtet, überbautes Gebiet",Stahl gerade,2685220.415,1253514.73
107,Beleuchtung eingeschaltet,"beleuchtet, überbautes Gebiet",Stahl gerade,2685305.301,1253539.717
26,Beleuchtung eingeschaltet,"beleuchtet, überbautes Gebiet",Stahl gerade,2685624.942,1253961.823
27,Beleuchtung eingeschaltet,"beleuchtet, überbautes Gebiet",Stahl gerade,2685631.941,1253934.823
29,Beleuchtung eingeschaltet,"beleuchtet, überbautes Gebiet",Stahl gerade,2685641.941,1253875.823
32,Beleuchtung eingeschaltet,"beleuchtet, überbautes Gebiet",Stahl gerade,2685649.94,1253815.823
37,Beleuchtung eingeschaltet,"beleuchtet, überbautes Gebiet",Stahl gerade,2685665.939,1253684.823
33,Beleuchtung eingeschaltet,"beleuchtet, überbautes Gebiet",Stahl gerade,2685669.94,1253788.823
18,Beleuchtung eingeschaltet,"beleuchtet, überbautes Gebiet",Stahl gerade,2685499.944,1254131.823
45,Beleuchtung eingeschaltet,"beleuchtet, überbautes Gebiet",Stahl gerade,2685802.582,1252413.492
44,Beleuchtung eingeschaltet,"beleuchtet, überbautes Gebiet",Stahl gerade,2685826.512,1252411.497
35,Beleuchtung eingeschaltet,"beleuchtet, überbautes Gebiet",Stahl gerade,2686013.632,1252380.526
59,Beleuchtung eingeschaltet,"beleuchtet, überbautes Gebiet",Stahl gerade,2685798.934,1253173.824
66,Beleuchtung eingeschaltet,"beleuchtet, überbautes Gebiet",Stahl gerade,2685841.747,1253054.445
5491,Beleuchtung eingeschaltet,"beleuchtet, überbautes Gebiet",Stahl mit Ausleger,2686098.589,1244831.14
101,Beleuchtung eingeschaltet,"beleuchtet, nicht überbautes Gebiet, Beleuchtung technisch in Ordnung",Stahl gerade,2686148.583,1251593.139
105,Beleuchtung eingeschaltet,"beleuchtet, nicht überbautes Gebiet, Beleuchtung technisch in Ordnung",Stahl gerade,2686216.746,1251675.878
4,Beleuchtung eingeschaltet,"beleuchtet, überbautes Gebiet",Stahl gerade,2686233.802,1252190.506
18,Beleuchtung eingeschaltet,"beleuchtet, überbautes Gebiet",Stahl gerade,2686249.652,1252049.436
17,Beleuchtung eingeschaltet,"beleuchtet, überbautes Gebiet",Stahl gerade,2686267.952,1252031.046
19,Beleuchtung eingeschaltet,"beleuchtet, überbautes Gebiet",Stahl auf Joch (VRA-Anlage),2686294.176,1252196.838
28,Beleuchtung eingeschaltet,"beleuchtet, überbautes Gebiet",Stahl auf Joch (VRA-Anlage),2686149.3,1252358.008
5110,Beleuchtung eingeschaltet,"beleuchtet, überbautes Gebiet",Stahl mit Ausleger,2686691.782,1244868.703
12,Beleuchtung eingeschaltet,"beleuchtet, überbautes Gebiet",Beton,2686599.701,1252176.12
5113,Beleuchtung eingeschaltet,"beleuchtet, überbautes Gebiet",Stahl mit Ausleger,2686757.65,1244817.694
16,Beleuchtung eingeschaltet,"beleuchtet, überbautes Gebiet",Beton,2686731.99,1252240.841
89,Beleuchtung eingeschaltet,"beleuchtet, überbautes Gebiet",Stahl gerade,2684323.472,1252772.816
85,Beleuchtung eingeschaltet,"beleuchtet, überbautes Gebiet",Stahl auf Joch (VRA-Anlage),2684367.122,1252744.806
66,Beleuchtung eingeschaltet,"beleuchtet, überbautes Gebiet",Stahl gerade,2684514.34,1252640.775
52,Beleuchtung eingeschaltet,"beleuchtet, überbautes Gebiet",Stahl gerade,2684627.76,1252612.915
11,Beleuchtung eingeschaltet,"beleuchtet, überbautes Gebiet",Stahl gerade,2684408.043,1252856.275
75,Beleuchtung eingeschaltet,"beleuchtet, überbautes Gebiet",Stahl gerade,2684448.611,1252697.146
60,Beleuchtung eingeschaltet,"beleuchtet, überbautes Gebiet",Stahl gerade,2684629.297,1253253.032
63,Beleuchtung eingeschaltet,"beleuchtet, überbautes Gebiet",Stahl gerade,2684635.177,1253266.892
0,Beleuchtung eingeschaltet,nicht definiert,Stahl gerade,2684488.823,1253692.863
11,Beleuchtung eingeschaltet,"beleuchtet, überbautes Gebiet",Stahl gerade,2684563.514,1253790.454
35,Beleuchtung eingeschaltet,"beleuchtet, überbautes Gebiet",Stahl mit Ausleger,2684756.099,1252530.864
24,Beleuchtung eingeschaltet,"beleuchtet, überbautes Gebiet",Stahl gerade,2684844.959,1252450.244
15,Beleuchtung eingeschaltet,"beleuchtet, überbautes Gebiet",Stahl gerade,2684916.849,1252407.953
94,Beleuchtung eingeschaltet,"beleuchtet, überbautes Gebiet",Stahl gerade,2684932.628,1253429.994
29,Beleuchtung eingeschaltet,"beleuchtet, überbautes Gebiet",Stahl gerade,2684910.946,1254139.827
1,Beleuchtung eingeschaltet,"beleuchtet, überbautes Gebiet",Stahl gerade,2685068.829,1252388.873
101,Beleuchtung eingeschaltet,"beleuchtet, überbautes Gebiet",Stahl gerade,2685135.44,1253489.74
24,Beleuchtung eingeschaltet,"beleuchtet, überbautes Gebiet",Stahl gerade,2685620.942,1254012.823
23,Beleuchtung eingeschaltet,"beleuchtet, überbautes Gebiet",Stahl gerade,2685627.942,1254050.822
38,Beleuchtung eingeschaltet,"beleuchtet, überbautes Gebiet",Stahl gerade,2685916.122,1252387.057
62,Beleuchtung eingeschaltet,"beleuchtet, nicht überbautes Gebiet, Beleuchtung muss angepasst werden",Aluminium,2685799.113,1252993.125
67,Beleuchtung eingeschaltet,"beleuchtet, überbautes Gebiet",Aluminium,2685848.404,1253074.681
113,Beleuchtung eingeschaltet,"beleuchtet, nicht überbautes Gebiet, Beleuchtung technisch in Ordnung",Stahl gerade,2686239.104,1251668.469
117,Beleuchtung eingeschaltet,"beleuchtet, überbautes Gebiet",Stahl gerade,2686287.623,1251758.237
3,Beleuchtung eingeschaltet,"beleuchtet, überbautes Gebiet",Stahl gerade,2686232.622,1252170.366
20,Beleuchtung eingeschaltet,"beleuchtet, überbautes Gebiet",Stahl gerade,2686275.868,1252224.008
16,Beleuchtung eingeschaltet,"beleuchtet, überbautes Gebiet",Stahl gerade,2686306.391,1252138.465
14,Beleuchtung eingeschaltet,"beleuchtet, überbautes Gebiet",Stahl gerade,2686336.742,1252032.556
26,Beleuchtung eingeschaltet,"beleuchtet, überbautes Gebiet",Stahl auf Joch (VRA-Anlage),2686174.066,1252352.16
5,Beleuchtung eingeschaltet,"beleuchtet, überbautes Gebiet",Beton,2686415.471,1252178.906
8,Beleuchtung eingeschaltet,"beleuchtet, überbautes Gebiet",Stahl gerade,2686449.403,1252039.196
7,Beleuchtung eingeschaltet,"beleuchtet, überbautes Gebiet",Stahl gerade,2686467.942,1252040.461
7,Beleuchtung eingeschaltet,"beleuchtet, überbautes Gebiet",Beton,2686468.591,1252172.218
6,Beleuchtung eingeschaltet,"beleuchtet, überbautes Gebiet",Stahl gerade,2686499.862,1252030.156
10,Beleuchtung eingeschaltet,"beleuchtet, überbautes Gebiet",Aluminium mit VRA-Anlage,2686546.162,1252178.682
5111,Beleuchtung eingeschaltet,"beleuchtet, überbautes Gebiet",Stahl mit Ausleger,2686708.918,1244853.712
87,Beleuchtung eingeschaltet,"beleuchtet, überbautes Gebiet",Stahl auf Joch (VRA-Anlage),2684337.672,1252746.856
4,Beleuchtung eingeschaltet,"beleuchtet, überbautes Gebiet",Stahl gerade,2684368.813,1252811.986
59,Beleuchtung eingeschaltet,"beleuchtet, überbautes Gebiet",Stahl mit Ausleger,2684571.18,1252634.575
53,Beleuchtung eingeschaltet,"beleuchtet, überbautes Gebiet",Stahl mit Ausleger,2684622.84,1252604.155
51,Beleuchtung eingeschaltet,"beleuchtet, überbautes Gebiet",Stahl gerade,2684637.089,1252568.595
44,Beleuchtung eingeschaltet,"beleuchtet, überbautes Gebiet",Stahl mit Ausleger,2684686.569,1252557.114
84,Beleuchtung eingeschaltet,"beleuchtet, überbautes Gebiet",Stahl gerade,2684371.042,1252723.616
74,Beleuchtung eingeschaltet,"beleuchtet, überbautes Gebiet",Stahl gerade,2684469.101,1252709.845
68,Beleuchtung eingeschaltet,"beleuchtet, überbautes Gebiet",Stahl mit Ausleger,2684508.791,1252674.385
41,Beleuchtung eingeschaltet,"beleuchtet, überbautes Gebiet",Stahl gerade,2684525.636,1253125.013
49,Beleuchtung eingeschaltet,"beleuchtet, überbautes Gebiet",Stahl gerade,2684577.766,1253158.033
58,Beleuchtung eingeschaltet,"beleuchtet, überbautes Gebiet",Stahl gerade,2684624.197,1253223.322
61,Beleuchtung eingeschaltet,"beleuchtet, überbautes Gebiet",Stahl gerade,2684642.017,1253242.312
0,Beleuchtung eingeschaltet,nicht definiert,Stahl gerade,2684409.743,1253622.683
0,Beleuchtung eingeschaltet,nicht definiert,Stahl gerade,2684428.883,1253640.312
16,Beleuchtung eingeschaltet,"beleuchtet, überbautes Gebiet",Stahl gerade,2684643.034,1253877.45
38,Beleuchtung eingeschaltet,"beleuchtet, überbautes Gebiet",Stahl gerade,2684730.585,1252514.119
28,Beleuchtung eingeschaltet,"beleuchtet, überbautes Gebiet",Stahl gerade,2684812.019,1252506.114
26,Beleuchtung eingeschaltet,"beleuchtet, überbautes Gebiet",Stahl mit Ausleger,2684830.949,1252481.364
23,Beleuchtung eingeschaltet,"beleuchtet, überbautes Gebiet",Stahl mit Ausleger,2684854.589,1252467.444
12,Beleuchtung eingeschaltet,"beleuchtet, überbautes Gebiet",Stahl gerade,2684939.859,1252394.283
87,Beleuchtung eingeschaltet,"beleuchtet, überbautes Gebiet",Stahl gerade,2684758.098,1253342.941
90,Beleuchtung eingeschaltet,"beleuchtet, überbautes Gebiet",Stahl mit Ausleger,2684819.178,1253390.25
91,Beleuchtung eingeschaltet,"beleuchtet, überbautes Gebiet",Stahl mit Ausleger,2684847.039,1253401.43
21,Beleuchtung eingeschaltet,"beleuchtet, überbautes Gebiet",Stahl gerade,2684740.944,1253946.829
2,Beleuchtung eingeschaltet,"beleuchtet, überbautes Gebiet",Stahl gerade,2685044.939,1252387.643
99,Beleuchtung eingeschaltet,"beleuchtet, überbautes Gebiet",Stahl gerade,2685077.483,1253472.643
103,Beleuchtung eingeschaltet,"beleuchtet, überbautes Gebiet",Stahl gerade,2685191.963,1253506.408
113,Beleuchtung eingeschaltet,"beleuchtet, nicht überbautes Gebiet, Beleuchtung technisch in Ordnung",Stahl gerade,2685513.405,1253602.604
30,Beleuchtung eingeschaltet,"beleuchtet, überbautes Gebiet",Stahl gerade,2685647.94,1253844.823
38,Beleuchtung eingeschaltet,"beleuchtet, überbautes Gebiet",Stahl gerade,2685689.938,1253661.823
17,Beleuchtung eingeschaltet,"beleuchtet, überbautes Gebiet",Stahl gerade,2685473.944,1254146.823
49,Beleuchtung eingeschaltet,"beleuchtet, überbautes Gebiet",Stahl gerade,2685755.421,1252410.968
43,Beleuchtung eingeschaltet,"beleuchtet, überbautes Gebiet",Stahl gerade,2685850.122,1252409.087
39,Beleuchtung eingeschaltet,"beleuchtet, überbautes Gebiet",Stahl gerade,2685960.142,1252391.067
61,Beleuchtung eingeschaltet,"beleuchtet, überbautes Gebiet",Stahl gerade,2685818.934,1253143.824
45,Beleuchtung eingeschaltet,"beleuchtet, überbautes Gebiet",Stahl gerade,2685708.937,1253490.823
46,Beleuchtung eingeschaltet,"beleuchtet, überbautes Gebiet",Stahl gerade,2685718.463,1253447.728
52,Beleuchtung eingeschaltet,"beleuchtet, überbautes Gebiet",Stahl gerade,2685756.935,1253349.824
112,Beleuchtung eingeschaltet,"beleuchtet, nicht überbautes Gebiet, Beleuchtung technisch in Ordnung",Stahl gerade,2686220.583,1251649.42
108,Beleuchtung eingeschaltet,"beleuchtet, überbautes Gebiet",Stahl gerade,2686265.53,1251736.674
10,Beleuchtung eingeschaltet,"beleuchtet, überbautes Gebiet",Stahl gerade,2686297.514,1251967.339
19,Beleuchtung eingeschaltet,"beleuchtet, überbautes Gebiet",Stahl gerade,2686241.482,1252077.486
13,Beleuchtung eingeschaltet,"beleuchtet, überbautes Gebiet",Aluminium,2686294.347,1252055.468
18,Beleuchtung eingeschaltet,"beleuchtet, überbautes Gebiet",Stahl auf Joch (VRA-Anlage),2686298.809,1252167.599
27,Beleuchtung eingeschaltet,"beleuchtet, überbautes Gebiet",Stahl gerade,2686152.542,1252348.836
24,Beleuchtung eingeschaltet,"beleuchtet, überbautes Gebiet",Stahl gerade,2686223.502,1252322.606
5104,Beleuchtung eingeschaltet,"beleuchtet, überbautes Gebiet",Stahl mit Ausleger,2686585.662,1244997.69
17,Beleuchtung eingeschaltet,"beleuchtet, überbautes Gebiet",Beton,2686759.667,1252257.6
