GEMEINDE,ORT,PLZ,STRASSE,ENSEMBLE,OBJEKT,GVZ_NR,BAUJAHR,EINSTUFUNG,FESTSETZUNG,ERLASS,SCHUTZ,GRUNDBUCHEINTRAG,OST,NORD,E,N
Zürich,Zürich,8055,,Zürich/Uitikon/Schlieren: Sperrstelle 5053,Kleinunterstand A04964,,1,kantonal,,,-,,2679175.88894681,1245909.85368311,2679175.889,1245909.854
Zürich,Zürich,8004,Herdernstrasse 63,Zürich: Schlachthof,Verwaltungsgebäude,26403119,1907,kantonal,19810812,RRB Nr. 3048/1981 Liste Stadt Zürich,-,,2680646.90905441,1248662.85502808,2680646.909,1248662.855
Zürich,Zürich,8003,Aemtlerstrasse 197,"Zürich: Friedhof Sihlfeld A, B, C, D und E mit Hochbauten, Gartenanlage und Grabmäler bedeutender Persönlichkeiten",Gärtnerhaus,27701478,1902,kantonal,19810812,RRB Nr. 3048/1981 Liste Stadt Zürich,-,,2680790.90209346,1247917.85180195,2680790.902,1247917.852
Zürich,Zürich,8003,Aemtlerstrasse 173,"Zürich: Friedhof Sihlfeld A, B, C, D und E mit Hochbauten, Gartenanlage und Grabmäler bedeutender Persönlichkeiten","Gewächshaus, sog. «Überwinterungshalle»",27700531,1880,kantonal,19810812,RRB Nr. 3048/1981 Liste Stadt Zürich,-,,2680834.90143305,1247844.85147526,2680834.901,1247844.852
Zürich,Zürich,8003,Birmensdorferstrasse 80,Zürich: Bahnhof SBB Station Zürich Wiedikon,Aufnahmegebäude mit Reiterstellwerk,27702412,1928,regional,,,-,,2681949.89343078,1247291.84095507,2681949.893,1247291.841
Zürich,Zürich,8002,Bürglistrasse 11,Zürich: ref. Kirchgemeinde Enge; Zürich: Pfarrhaus I und II der reformierten Kirchgemeinde Enge,Pfarrhaus Enge II,26501040,1900,kantonal,19810812,RRB Nr. 3048/1981 Liste Stadt Zürich,PD,19890613,2682398.88757023,1246382.83774885,2682398.888,1246382.838
Zürich,Zürich,8002,Gablerstrasse 20,Zürich: Rietberg Museum Ensemble mit Parkanlage,Ökonomiegebäude der Villa Schönberg,26500254,1887,kantonal,,,-,,2682412.88598032,1245969.83822064,2682412.886,1245969.838
Zürich,Zürich,8002,Gablerstrasse 17,Zürich: Rietberg Museum Ensemble mit Parkanlage,Erweiterungsbau,26500094,2007,kantonal,,,-,,2682427.88573059,1245912.83814969,2682427.886,1245912.838
Zürich,Zürich,8002,Gablerstrasse 15,Zürich: Rietberg Museum Ensemble mit Parkanlage,Villa Wesendonck,26500094,1857,kantonal,19810812,RRB Nr. 3048/1981 Liste Stadt Zürich,-,,2682467.88569819,1245928.8377093,2682467.886,1245928.838
Zürich,Zürich,8001,Freigutstrasse 37,,Synagoge,28101882,1924,kantonal,20170228,"BDV Nr. 1224/2016 mit Vertrag, Einzelaufstufung",ÖREB,20170508,2682431.88987327,1247013.83646173,2682431.89,1247013.837
Zürich,Zürich,8002,Brandschenkestrasse 48,,Freigut,26500087,,kantonal,19810812,RRB Nr. 3048/1981 Liste Stadt Zürich,ÖREB,20010424,2682440.88963368,1246955.83645475,2682440.89,1246955.837
Zürich,Zürich,8004,Kanonengasse 20; Militärstrasse 49,"Zürich: Kasernenareal; Zürich: Zeughäuser 1, 2, und 5",Zeughaus 2,26400568,1866,kantonal,19810812,RRB Nr. 3048/1981 Liste Stadt Zürich,-,,2682490.89811517,1248016.83916409,2682490.898,1248016.839
Zürich,Zürich,8004,Lagerstrasse 92,Zürich: Bahnhofanlage Zürich-Hauptbahnhof,Zentralstellwerk Hauptbahnhof,26400932,1963,kantonal,,,-,,2682503.90005035,1248237.8402165,2682503.9,1248237.84
Zürich,Zürich,8005,,Zürich: Sperrstelle 6090,Infanteriewerk A04856,,1,regional,,,-,,2682335.90905856,1249169.84593897,2682335.909,1249169.846
Zürich,Zürich,8001,Bahnhofstrasse 25; Bahnhofstrasse 27; Bärengasse 5; Bärengasse 9; Paradeplatz 8,,Credit Suisse CS Hauptsitz,28101922,1872,kantonal,19810812,RRB Nr. 3048/1981 Liste Stadt Zürich,-,,2683086.8940378,1247141.83430401,2683086.894,1247141.834
Zürich,Zürich,8001,Bahnhofstrasse 69a,Zürich: Geschäftshaus «Zur Trülle»,Hausteil,28101836,1898,regional,19810812,RRB Nr. 3048/1981 Liste Stadt Zürich,ÖREB,20070424,2683049.89314437,1247618.83427825,2683049.893,1247618.834
Zürich,Zürich,8001,Strehlgasse 26,,Wohnhaus Zum Kleinen Kindli,28101468,,regional,20040930,BDV Nr. 261/2004 Einzelaufstufung,PD,20050201,2683221.89494103,1247411.83439663,2683221.895,1247411.834
Zürich,Zürich,8001,St. Peterhofstatt 1,"Zürich: Kirche, ref. St. Peter",Kirchenschiff St. Peter,28101926,1706,kantonal,19810812,RRB Nr. 3048/1981 Liste Stadt Zürich,PD,19800703,2683227.89513708,1247290.83440084,2683227.895,1247290.834
Zürich,Zürich,8001,Neumühlequai 20; Walcheplatz 1; Neumühlequai 22,"Zürich: Kantonale Verwaltung, Zentralverwaltung",Neumühle,28101141,,kantonal,19810812,RRB Nr. 3048/1981 Liste Stadt Zürich,-,,2683372.89605481,1248160.83481526,2683372.896,1248160.835
Zürich,Zürich,8050,Hofwiesenstrasse 375; Hofwiesenstrasse 375a,Zürich: Bahnhof SBB Station Zürich Oerlikon,Perronüberdachung III,27202687,1977,kantonal,,,-,,2683406.92331192,1251821.84674116,2683406.923,1251821.847
Zürich,Zürich,8001,Hechtplatz 7; Limmatquai 6,,Hechttheater Kaufbuden,28101158,1835,regional,19810812,RRB Nr. 3048/1981 Liste Stadt Zürich,-,,2683543.89836255,1246974.83461829,2683543.898,1246974.835
Zürich,Zürich,8001,Kirchgasse 27,,Engelburg,28100193,1601,regional,19810812,RRB 3048/1981 Liste Stadt Zürich,PD,19800131,2683635.89889837,1247226.83468136,2683635.899,1247226.835
Zürich,Zürich,8001,Waldmannstrasse 10; Waldmannstrasse 10a,Zürich: Überbauung Heinrich Ernst 1883/1889 Rämistrasse,Geschäftshaus,28100971,1886,regional,19810812,RRB Nr. 3048/1981 Liste Stadt Zürich,-,,2683679.89953856,1247019.83471175,2683679.9,1247019.835
Zürich,Zürich,8001,Kirchgasse 50; Winkelwiese 2; Winkelwiese 2a,Zürich: Villa Tobler,Ökonomiegebäude,28100854,1857,kantonal,,,-,,2683685.89937357,1247206.83471575,2683685.899,1247206.835
Zürich,Zürich,8001,Hirschengraben 20; Hirschengraben 18a; Hirschengraben 20a,,Haus zum Kiel,28100682,1716,regional,19810812,RRB Nr. 3048/1981 Liste Stadt Zürich,-,,2683726.89970063,1247243.83474391,2683726.9,1247243.835
Zürich,Zürich,8001,Rämistrasse 25,Zürich: Überbauung Heinrich Ernst 1883/1889 Rämistrasse,Geschäftshaus,28100978,1887,regional,19810812,RRB Nr. 3048/1981 Liste Stadt Zürich,PD,19900626,2683726.89999134,1246995.83474408,2683726.9,1246995.835
Zürich,Zürich,,Falkenstrasse 1; Schillerstrasse 1; Sechseläutenplatz 1,,Opernhaus,28101001,1890,kantonal,19810812,RRB Nr. 3048/1981 Liste Stadt Zürich,PD,19831121,2683729.90033784,1246601.83477671,2683729.9,1246601.835
Zürich,Zürich,8001,Stadelhoferstrasse 12,,Sonnenhof,28100002,1600,-,,,PD,19830606,2683755.90047725,1246804.83476414,2683755.9,1246804.835
Zürich,Zürich,8001,Rämistrasse 35,Zürich: Überbauung Heinrich Ernst 1883/1889 Rämistrasse,Geschäftshaus,28100962,1885,regional,19810812,RRB Nr. 3048/1981 Liste Stadt Zürich,PD,19900618,2683764.90027137,1247049.83477017,2683764.9,1247049.835
Zürich,Zürich,8001,Hirschengraben 1,Zürich: Überbauung Heinrich Ernst 1883/1889 Rämistrasse,Schulhaus Hirschengraben 1,28100870,1887,regional,19810812,RRB Nr. 3048/1981 Liste Stadt Zürich,-,,2683772.9002909,1247094.83477563,2683772.9,1247094.835
Zürich,Zürich,8001,Schanzengasse 20,Zürich: Villa Falkenstein,Gartenanlage,,1866,regional,19810812,RRB Nr. 3048/1981 Liste Stadt Zürich,PD,19810715,2683961.90223061,1246896.8349057,2683961.902,1246896.835
Zürich,Zürich,8001,Spiegelgasse 29,Zürich: Grimmenturm,Hausteil 1,28100268,1230,kantonal,19810812,RRB Nr. 3048/1981 Liste Stadt Zürich,-,,2683592.89829418,1247410.83465168,2683592.898,1247410.835
Zürich,Zürich,8001,Predigerplatz 33,Zürich: Predigerkirche/Predigerchor,Perdigerchor,28101190,,kantonal,19810812,RRB Nr. 3048/1981 Liste Stadt Zürich,-,,2683607.89821051,1247597.83466187,2683607.898,1247597.835
Zürich,Zürich,8001,Neumarkt 27,,"Goldener Winkel, Geburtshaus Gottfried Keller",28100820,1426,kantonal,19810812,RRB Nr. 3048/1981 Liste Stadt Zürich,-,,2683673.89889708,1247520.83470729,2683673.899,1247520.835
Zürich,Zürich,8006,Gloriastrasse 27,Zürich: Kantonsspital USZ,"Bettenhaus Osttrakt 1, 2, 3",26601388,1950,kantonal,19810812,RRB Nr. 3048/1981 Liste Stadt Zürich,-,,2684026.90166912,1247876.83494973,2684026.902,1247876.835
Zürich,Zürich,8001,Rämistrasse 58; Rämistrasse 60; Zürichbergstrasse 6,Zürich: Kantonsschulen Rämibühl,Mathematisch-Naturwissenschaftliches Gymnasium NMG,26901900,1967,kantonal,,,-,,2684097.90286975,1247399.83499886,2684097.903,1247399.835
Zürich,Zürich,8006,Sternwartstrasse 3,Zürich: Kantonsspital USZ,Gebäude Sternwartstrasse 3. Küchentrakt,26601385,1949,kantonal,19810812,RRB Nr. 3048/1981 Liste Stadt Zürich,-,,2684043.90163634,1248035.83496131,2684043.902,1248035.835
Zürich,Zürich,8008,Zollikerstrasse 128,"Zürich: Villa Patumbah; Zürich: Villa Patumbah mit Ökonomiegebäude, Zwischentrakt, Pavillon und Gartenanlage",Gartenanlage,,1889,kantonal,19810812,RRB Nr. 3048/1981 Liste Stadt Zürich,ÖREB,20060321,2684679.89545888,1245711.82257116,2684679.896,1245711.823
Zürich,Zürich,8008,Zollikerstrasse 26,"Zürich: Villa Bleuler, heute Schweizerisches Institut für Kunstwissenschaft SIK",Nebengebäude,27300145,1912,regional,19911030,RRB Nr. 3694/1991 Einzelaufstufung,PD,19920429,2684340.90201229,1246365.83031329,2684340.902,1246365.83
Zürich,Zürich,8008,Zollikerstrasse 32,"Zürich: Villa Bleuler, heute Schweizerisches Institut für Kunstwissenschaft SIK",Gartenanlage,,1885,regional,19810812,RRB Nr. 3048/1981 Liste Stadt Zürich,PD,19920429,2684352.90145478,1246293.82994423,2684352.902,1246293.83
Zürich,Zürich,8008,Kreuzbühlstrasse 36,"Zürich: Herrschaftssitz «Zum Schönbühl» mit Villa, Nebengebäuden und Park",Hauptgebäude,27300277,1838,regional,19810812,RRB Nr. 3048/1981 Liste Stadt Zürich,ÖREB,19820316,2684138.90374648,1246641.83430647,2684138.904,1246641.834
Zürich,Zürich,8001,Rämistrasse 54a,Zürich: Kantonsschulen Rämibühl,Mensa,26901905,1967,kantonal,,,-,,2684144.90295847,1247316.83421397,2684144.903,1247316.834
Zürich,Zürich,8044,Kantstrasse 21,Zürich: ref. Kirchgemeinde Fluntern,Pfarrhaus,26600737,1918,regional,,,-,,2684444.90211772,1247909.82903185,2684444.902,1247909.829
Opfikon,Glattbrugg,8152,Oberhauserstrasse 71,Opfikon: ref. Kirche/Pfarrhaus,"Kirche, ref.",6600025,1957,regional,,,-,,2685329.94056188,1253751.82536238,2685329.941,1253751.825
Zürich,Zürich,8008,Lenggstrasse 31,"Zürich: Psychiatrische Klinik Burghölzli; Zürich: Psychiatrische Universitätsklinik PUK (Kantonale Heilanstalt Burghölzli) mit drei Ökonomiegebäuden ?(ehem. Holz- und Kohlenlager, Tierstallungen, Heubühnen, Pferdestallungen, Metzgerei), Wirtschaftstrakt u",Gartenanlage,,1864,kantonal,19810812,RRB Nr. 3048/1981 Liste Stadt Zürich,-,,2685518.88766582,1245257.80708357,2685518.888,1245257.807
Zürich,Zürich,8008,Lenggstrasse 53,"Zürich: Psychiatrische Klinik Burghölzli; Zürich: Psychiatrische Universitätsklinik PUK (Kantonale Heilanstalt Burghölzli) mit drei Ökonomiegebäuden ?(ehem. Holz- und Kohlenlager, Tierstallungen, Heubühnen, Pferdestallungen, Metzgerei), Wirtschaftstrakt u",Magazin 1873,27300799,1873,kantonal,19810812,RRB Nr. 3048/1981 Liste Stadt Zürich,-,,2685524.88870333,1245420.80722232,2685524.889,1245420.807
Zürich,Zürich,8032,Kurhausstrasse 65; Kurhausstrasse 69; Kurhausstrasse 77; Kurhausstrasse 81; Kurhausstrasse 47; Kurhausstrasse 71a; Kurhausstrasse 87; Kurhausstrasse 91; Kurhausstrasse 93,,Grand Hotel «Dolder»,26900939,,kantonal,19810812,RRB Nr. 3048/1981 Liste Stadt Zürich,ÖREB,20090108,2685684.90168637,1247509.80848707,2685684.902,1247509.808
Zürich,Zürich,8048,Altstetterplatz 11b; Altstetterplatz 13b,Zürich: Bahnhof SBB Station Zürich Altstetten,Perronüberdachung / Wartehalle 2,,1965,kantonal,,,-,,2679268.92710909,1249549.85955832,2679268.927,1249549.86
Zürich,Zürich,8004,Baslerstrasse 10; Herdernstrasse 61; Baslerstrasse 4; Baslerstrasse 4e; Baslerstrasse 9a,Zürich: Schlachthof,"Betriebsgebäude bestehend aus Verbindungshalle, Kühl- und Maschinenhaus, Hochkamin",26403079,1907,kantonal,19810812,RRB Nr. 3048/1981 Liste Stadt Zürich,-,,2680595.90944769,1248671.85516033,2680595.909,1248671.855
Zürich,Zürich,8004,Herdernstrasse 61a,Zürich: Schlachthof,"ehem. Pförtnerhaus, heute Portiergebäude",26403229,1909,kantonal,19810812,RRB Nr. 3048/1981 Liste Stadt Zürich,-,,2680620.90908659,1248652.85507382,2680620.909,1248652.855
Zürich,Zürich,8003,Aemtlerstrasse 149 bei; Aemtlerstrasse 151 bei,"Zürich: Friedhof Sihlfeld A, B, C, D und E mit Hochbauten, Gartenanlage und Grabmäler bedeutender Persönlichkeiten","Friedhofmauern, Tore, Grünanlagen,  Grabmäler und sonstiges Gartenmobiliar ohne Hochbauten",,1,kantonal,19810812,RRB Nr. 3048/1981 Liste Stadt Zürich,-,,2680945.9004078,1247755.85048663,2680945.9,1247755.85
Zürich,Zürich,8003,Aemtlerstrasse 23; Aemtlerstrasse 25,,Ref. Kirche «Zwinglikirche» und Kirchgemeindehaus mit Pfarrhaus,27702218,1925,kantonal,19810812,RRB Nr. 3048/1981 Liste Stadt Zürich,-,,2681315.89601837,1247314.84744065,2681315.896,1247314.847
Zürich,Zürich,8004,Hardstrasse 76; Hirzelstrasse 16; Hirzelstrasse 18; Hirzelstrasse 20; Hirzelstrasse 22,"Zürich: Kirche, kath. St. Felix u. Regula","Kirche, kath. St. Felix u. Regula",26400300,1950,regional,,,-,,2681176.90482367,1248358.84990264,2681176.905,1248358.85
Zürich,Zürich,8005,Hardturmstrasse 128,,Hardturm,26400052,1200,kantonal,19810812,RRB Nr. 3048/1981 Liste Stadt Zürich,ÖREB,19930126,2681166.9191523,1249793.85549744,2681166.919,1249793.856
Zürich,Zürich,8055,Goldbrunnenstrasse 54; Goldbrunnenstrasse 52,,"Kirche Bühl, ref.",27701122,1895,regional,19810812,RRB Nr. 3048/1981 Liste Stadt Zürich,PD,19841204,2681422.89274584,1246889.84707391,2681422.893,1246889.847
Zürich,Zürich,8003,Birmensdorferstrasse 80a; Birmensdorferstrasse 80b; Birmensdorferstrasse 80c; Birmensdorferstrasse 80d,Zürich: Bahnhof SBB Station Zürich Wiedikon,Perronanlage,,1928,regional,,,-,,2681903.89386318,1247329.84136284,2681903.894,1247329.841
Zürich,Zürich,8002,Joachim Hefti-Weg 6,Zürich: Rietberg Museum Ensemble mit Parkanlage,Gewächshaus der Villa Schönberg,26500600,1891,kantonal,,,-,,2682399.88621787,1246024.83827375,2682399.886,1246024.838
Zürich,Zürich,8002,Bederstrasse 1; Bederstrasse 3; Tessinerplatz 10; Tessinerplatz 12; Seestrasse 16; Seestrasse 26,Zürich: Bahnhofanlage Zürich-Enge; Zürich: Bahnhof Zürich-Enge mit Aufnahmegebäude und Perronanlage,Aufnahmegebäude,26501270,1925,regional,19810812,RRB Nr. 3048/1981 Liste Stadt Zürich,-,,2682528.88785713,1246538.83616205,2682528.888,1246538.836
Zürich,Zürich,8001,Pelikanstrasse 46,"Zürich: Alter Botanischer Garten, Garten- und Bauensemble; Zürich: Ehem. Botanischer Garten, mit Schanzenmauern/ Bollwerk Zur Katz, Gewächshäusern, Sammlungsgebäuden (Völkerkundemuseum), Gartenbauelementen (Terrasse, Pergola, Denkmäler...) und Pflanzenbes","Pavillon, ehem. Palmenhaus",28101587,1877,kantonal,19810812,RRB Nr. 3048/1981 Liste Stadt Zürich,-,,2682713.89054584,1247245.83404751,2682713.891,1247245.834
Zürich,Zürich,8004,Kasernenstrasse 29,Zürich: Kasernenareal,Polizeikaserne,26402923,1899,kantonal,19810812,RRB Nr. 3048/1981 Liste Stadt Zürich,-,,2682599.89474629,1247687.83685762,2682599.895,1247687.837
Zürich,Zürich,8005,,Zürich: Sperrstelle 6090,Infanteriewerk A04857,,1,regional,,,-,,2682330.90916737,1249179.8460188,2682330.909,1249179.846
Zürich,Zürich,8002,Mythenquai 60,Zürich: Swiss RE Schweizerische Rückversicherung,Geschäftshaus «Schweizerische Rückversicherung»,26501136,,regional,19810812,RRB Nr. 3048/1981 Liste Stadt Zürich,-,,2682820.88688733,1245952.83542851,2682820.887,1245952.835
Zürich,Zürich,8002,Alfred-Escher-Strasse 45; Breitingerstrasse 3; Breitingerstrasse 7; Mythenquai 2,Zürich: Zürich Versicherung,"Zürich, Altbauten 1899/1925",26501022,1899,regional,19810812,RRB Nr. 3048/1981 Liste Stadt Zürich,ÖREB,20150326,2682830.88837653,1246276.83505674,2682830.888,1246276.835
Zürich,Zürich,8002,General Guisan Quai; Arboretum; Mythenquai 3 bei,Zürich: Sperrstelle 6090,Bunker A 4842,,1939,kantonal,19921021,BDV Nr. 889/1992 Einzelaufstufung,ÖREB,19921207,2683040.89196251,1246539.83477605,2683040.892,1246539.835
Zürich,Zürich,8002,General-Guisan-Quai 8; Glärnischstrasse 10,,Villa Rosau,26500195,1844,kantonal,19810812,RRB Nr. 3048/1981 Liste Stadt Zürich,-,,2683105.89360831,1246747.8345435,2683105.894,1246747.835
Zürich,Zürich,8001,Bahnhofstrasse 30,Zürich: «Leuenhof» und «St. Peterhof»,Geschäftshaus St. Peterhof,28101865,1913,kantonal,19810812,RRB Nr. 3048/1981 Liste Stadt Zürich,-,,2683122.89428687,1247206.83432871,2683122.894,1247206.834
Zürich,Zürich,8001,Bahnhofstrasse 32; In Gassen 20; Zeugwartgasse 1; Zeugwartgasse 3,Zürich: «Leuenhof» und «St. Peterhof»,Bankgebäude «Leuenhof»,28101876,1916,kantonal,19810812,RRB Nr. 3048/1981 Liste Stadt Zürich,-,,2683111.89413942,1247247.83432112,2683111.894,1247247.834
Zürich,Zürich,8001,Lindenhofstrasse 19; Oetenbachgasse 22; Uraniastrasse 7,Zürich: Amtshäuser I-IV/Sternwarte «Urania» mit Geschäftshaus,Amtshaus IV,28101872,,kantonal,19810812,RRB Nr. 3048/1981 Liste Stadt Zürich,-,,2683168.89423242,1247607.83436007,2683168.894,1247607.834
Zürich,Zürich,8001,Limmatquai 55,,Rathaus,28100690,1694,kantonal,19810812,RRB Nr. 3048/1981 Liste Stadt Zürich,-,,2683392.89658331,1247328.83451424,2683392.897,1247328.835
Zürich,Zürich,8001,Limmatquai 64; Limmatquai 66,,Gesellschaftshaus «Zum Schneggen»,28100467,1866,regional,19810812,RRB Nr. 3048/1981 Liste Stadt Zürich,PD,20111021,2683403.89659126,1247406.83452175,2683403.897,1247406.835
Zürich,Zürich,8001,Zwingliplatz 4,Zürich: Helferei Grossmünster,Antistitium / Pfarrhaus,28100178,1,kantonal,19810812,RRB Nr. 3048/1981 Liste Stadt Zürich,ÖREB,19720316,2683531.89798921,1247200.83460989,2683531.898,1247200.835
Zürich,Zürich,8001,Rämistrasse 29,Zürich: Überbauung Heinrich Ernst 1883/1889 Rämistrasse,Geschäftshaus,28100974,1886,regional,19810812,RRB Nr. 3048/1981 Liste Stadt Zürich,-,,2683736.90006762,1247007.83475094,2683736.9,1247007.835
Zürich,Zürich,8001,Rämistrasse 31,Zürich: Überbauung Heinrich Ernst 1883/1889 Rämistrasse,Geschäftshaus,28100975,1886,regional,19810812,RRB Nr. 3048/1981 Liste Stadt Zürich,PD,19900725,2683742.90011245,1247015.83475506,2683742.9,1247015.835
Zürich,Zürich,8001,Spiegelgasse 29; Spiegelgasse 31,Zürich: Grimmenturm,Hausteil 2,28100291,1230,kantonal,19810812,RRB Nr. 3048/1981 Liste Stadt Zürich,-,,2683598.89833667,1247420.8346558,2683598.898,1247420.835
Zürich,Zürich,8001,Künstlergasse 15,Zürich: Stockargut; Zürich: Stockergut und Gartenpavillon mit Gartenanlage,Herrschaftshaus,28100664,,kantonal,19810812,RRB Nr. 3048/1981 Liste Stadt Zürich,-,,2683733.89924225,1247688.83474843,2683733.899,1247688.835
Zürich,Zürich,8001,Hirschengraben 40,Zürich: Rechberg,"Stadtpalais «Rechberg», ehem. «Krone»",28100670,,kantonal,19810812,RRB Nr. 3048/1981 Liste Stadt Zürich,-,,2683760.89972063,1247488.83476712,2683760.9,1247488.835
Zürich,Zürich,8001,Florhofgasse 40a,Zürich: Rechberg,Orangerie,28100642,1770,kantonal,19810812,RRB Nr. 3048/1981 Liste Stadt Zürich,-,,2683782.89987603,1247525.83478222,2683782.9,1247525.835
Zürich,Zürich,8001,Hirschengraben 40,Zürich: Rechberg,Gartenanlage,,1759,kantonal,19810812,RRB Nr. 3048/1981 Liste Stadt Zürich,-,,2683798.90003466,1247513.83479323,2683798.9,1247513.835
Zürich,Zürich,8006,Schmelzbergstrasse 25,Zürich: ETH Zürich,"Eidgenössische Sternwarte, heute Collegium Helveticum",,1861,kantonal,19810812,RRB Nr. 3048/1981 Liste Stadt Zürich,-,,2683973.90098279,1248053.83491317,2683973.901,1248053.835
Zürich,Zürich,8006,Schmelzbergstrasse 12,Zürich: Kantonsspital USZ,Gebäude Schmelzbergstrasse 12. Pathologietrakt,26601384,1946,kantonal,19810812,RRB Nr. 3048/1981 Liste Stadt Zürich,-,,2683993.90122796,1247998.83492696,2683993.901,1247998.835
Zürich,Zürich,8044,Restelbergstrasse 97,,Villa Salvisberg,27101480,1930,kantonal,20150108,BDV Nr. 4001/2015 mit Vertrag,ÖREB,20150526,2684183.90112812,1248873.83356517,2684183.901,1248873.834
Zürich,Zürich,8008,Lenggstrasse 27,"Zürich: Psychiatrische Klinik Burghölzli; Zürich: Psychiatrische Universitätsklinik PUK (Kantonale Heilanstalt Burghölzli) mit drei Ökonomiegebäuden ?(ehem. Holz- und Kohlenlager, Tierstallungen, Heubühnen, Pferdestallungen, Metzgerei), Wirtschaftstrakt u",Gartenhaus 1875,27300834,1875,kantonal,19810812,RRB Nr. 3048/1981 Liste Stadt Zürich,-,,2685251.88991582,1245394.81131127,2685251.89,1245394.811
Zürich,Zürich,8008,Lenggstrasse 31,"Zürich: Psychiatrische Klinik Burghölzli; Zürich: Psychiatrische Universitätsklinik PUK (Kantonale Heilanstalt Burghölzli) mit drei Ökonomiegebäuden ?(ehem. Holz- und Kohlenlager, Tierstallungen, Heubühnen, Pferdestallungen, Metzgerei), Wirtschaftstrakt u","Hauptgebäude, Psychiatrische Universitätsklinik Burghölzli 1864-1870",27300724,1864,kantonal,,RRB Nr. 3048/1981 Liste Stadt Zürich,-,,2685518.88766582,1245257.80708357,2685518.888,1245257.807
Zürich,Zürich,8051,Stettbachstrasse 51; Stettbachweg 8,,Kehlhof. Wohnhaus mit Scheune,27400026,1953,regional,,,-,,2685664.92364169,1250923.83200566,2685664.924,1250923.832
Opfikon,Opfikon,8152,Chappelerain 10,,Glockenturm,6600115,1822,regional,19791219,"RRB Nr. 3235/1982 Glattal, RRB Nr. 5113/1979 Liste Kanton",-,,2685903.94260557,1254111.82082544,2685903.943,1254111.821
Zürich,Zürich,8048,Altstetterplatz 11a; Altstetterplatz 13a,Zürich: Bahnhof SBB Station Zürich Altstetten,Perronüberdachung / Wartehalle 1,,1965,kantonal,,,-,,2679261.92691806,1249529.8595449,2679261.927,1249529.859
Zürich,Zürich,,Hardgutstrasse 1a,Zürich: Schlachthof,"ehem. Desinfektionsanstalt, heute Betriebsgebäude",26403230,1909,kantonal,19810812,RRB Nr. 3048/1981 Liste Stadt Zürich,-,,2680557.91183244,1248859.85552837,2680557.912,1248859.856
Zürich,Zürich,8002,Seestrasse 125,,"Belvoirgut, Herrschaftssitz mit Parkanlage, heute Restaurant Hotelfachschule Belvoirpark",26500037,1,regional,,RRB Nr. 3048/1981,-,,2682696.88470342,1245781.83561232,2682696.885,1245781.836
Zürich,Zürich,8002,Gablerstrasse 13,Zürich: Rietberg Museum Ensemble mit Parkanlage,"Rietberg Museum, Ökonomiegebäude",26500096,1857,kantonal,19810812,RRB Nr. 3048/1981 Liste Stadt Zürich,-,,2682443.88582549,1245947.83793077,2682443.886,1245947.838
Zürich,Zürich,8002,Tessinerplatz 10; Tessinerplatz 12,Zürich: Bahnhofanlage Zürich-Enge,Tunnelportal Nord,,1875,regional,19810812,RRB Nr. 3048/1981 Liste Stadt Zürich,-,,2682438.88840518,1246628.83696454,2682438.888,1246628.837
Zürich,Zürich,8004,Kanonengasse 16; Zeughausstrasse 60,"Zürich: Kasernenareal; Zürich: Zeughäuser 1, 2, und 5",Zeughaus 5,26400569,1866,kantonal,19810812,RRB Nr. 3048/1981 Liste Stadt Zürich,-,,2682360.89736754,1247880.83924116,2682360.897,1247880.839
Zürich,Zürich,8004,Stauffacherstrasse 34,,"Kirche, ref. St. Jakob",26402927,1900,regional,,,PD,19940225,2682363.89442756,1247571.83780838,2682363.894,1247571.838
Zürich,Zürich,8004,Kanonengasse 18a; Kanonengasse 18b; Zeughausstrasse 56; Militärstrasse 45,Zürich: Kasernenareal,Zeughäuser 3/4 mit Waffensaal,26400577,1866,kantonal,19810812,RRB Nr. 3048/1981 Liste Stadt Zürich,-,,2682464.89728908,1247913.83878853,2682464.897,1247913.839
Zürich,Zürich,8001,Gessnerallee 9,"Zürich: Kasernenareal; Zürich: Theater an der Sihl/Hochschule Musik und Theater, ehem. kantonale Militärreitanstalt mit kleiner Reithalle, Stallungen, Zeughaus","Theater an der Sihl, Bühne A, ehem. kleine Reithalle",28101652,1866,kantonal,19810812,RRB Nr. 3048/1981 Liste Stadt Zürich,-,,2682684.89364184,1247600.83592393,2682684.894,1247600.836
Zürich,Zürich,8002,Beethovenstrasse 2; Beethovenstrasse 4; Beethovenstrasse 8; Claridenstrasse 3; Claridenstrasse 5; Claridenstrasse 7; Gotthardstrasse 5,,Tonhalle und Kongressgebäude,26500772,1893,kantonal,19810812,RRB Nr. 3048/1981 Liste Stadt Zürich,-,,2683056.89286203,1246707.83458441,2683056.893,1246707.835
Zürich,Zürich,8001,Gessnerallee 13,"Zürich: Kasernenareal; Zürich: Theater an der Sihl/Hochschule Musik und Theater, ehem. kantonale Militärreitanstalt mit kleiner Reithalle, Stallungen, Zeughaus","Theater an der Sihl, Bühne B, ehem. Zeughaus",28101654,1866,kantonal,19810812,RRB Nr. 3048/1981 Liste Stadt Zürich,-,,2682771.89454132,1247737.83612135,2682771.894,1247737.836
Zürich,Zürich,8001,St. Peterhofstatt 2,"Zürich: Kirche, ref. St. Peter","St. Peter, Pfarrhaus",28101377,1,kantonal,19810812,RRB Nr. 3048/1981 Liste Stadt Zürich,-,,2683219.89503198,1247318.83439532,2683219.895,1247318.834
Zürich,Zürich,8001,St. Peterhofstatt 1a,"Zürich: Kirche, ref. St. Peter",Glockenturm St. Peter,28101600,,kantonal,19810812,RRB Nr. 3048/1981 Liste Stadt Zürich,PD,19830812,2683257.89541516,1247284.83442147,2683257.895,1247284.834
Zürich,Zürich,8001,Krebsgasse 4; Limmatquai 54,,Zunfthaus «Zur Saffran»,28100270,,kantonal,19810812,RRB Nr. 3048/1981 Liste Stadt Zürich,ÖREB,20120515,2683415.89679463,1247325.83453006,2683415.897,1247325.835
Zürich,Zürich,8001,Bahnhofplatz 15; Museumstrasse 1,Zürich: Bahnhofanlage Zürich-Hauptbahnhof,Aufnahmegebäude,28101592,1865,kantonal,19810812,RRB Nr. 3048/1981 Liste Stadt Zürich,PD,19780829,2683181.8951197,1247975.83497238,2683181.895,1247975.835
Zürich,Zürich,8001,Museumsstrasse 2,,Schweizerisches Landesmuseum,,1892,kantonal,19810812,RRB Nr. 3048/1981 Liste Stadt Zürich,-,,2683240.89652975,1248157.83556073,2683240.896,1248157.836
Zürich,Zürich,8006,Beckenhofstrasse 29; Beckenhofstrasse 31a; Beckenhofstrasse 29a; Beckenhofstrasse 31,Zürich: Beckenhof,Erweiterungsbau 1937,27600064,1937,kantonal,19810812,RRB Nr. 3048/1981 Liste Stadt Zürich,-,,2683276.90211319,1248794.83860264,2683276.902,1248794.839
Zürich,Zürich,8050,Hofwiesenstrasse 371a; Hofwiesenstrasse 371,Zürich: Bahnhof SBB Station Zürich Oerlikon,Perronüberdachung I,27202685,1913,kantonal,,,-,,2683420.92303474,1251794.84668776,2683420.923,1251794.847
Zürich,Zürich,8001,Zwingliplatz 5; Kirchgasse 11; Kirchgasse 13; Kirchgasse 15,Zürich: Helferei Grossmünster,Kirchgemeindezentrum,28100178,1,kantonal,19810812,RRB Nr. 3048/1981 Liste Stadt Zürich,ÖREB,20150518,2683572.89836551,1247195.83463808,2683572.898,1247195.835
Zürich,Zürich,8001,Winkelwiese 4,Zürich: Villa Tobler,Hofraum und Gartenanlage,,1852,kantonal,19810812,RRB Nr. 3048/1981 Liste Stadt Zürich,-,,2683670.89925563,1247191.83470545,2683670.899,1247191.835
Zürich,Zürich,8001,Hirschengraben 3,Zürich: Überbauung Heinrich Ernst 1883/1889 Rämistrasse,Hof,,1887,regional,19810812,"RRB Nr. 3048/1981 Liste, BDV Nr. 0847/2017",-,,2683762.90019234,1247101.83476876,2683762.9,1247101.835
Zürich,Zürich,8001,Heimplatz 1; Hirschengraben 2; Rämistrasse 45,,Kunsthaus,28101092,,kantonal,19810812,RRB Nr. 3048/1981 Liste Stadt Zürich,ÖREB,20160309,2683839.90079309,1247182.83482164,2683839.901,1247182.835
Zürich,Zürich,8001,Schanzengasse 22,Zürich: Villa Falkenstein,Ökonomiegebäude,26900374,1866,regional,19810812,RRB Nr. 3048/1981 Liste Stadt Zürich,-,,2683967.90224379,1246931.8349098,2683967.902,1246931.835
Zürich,Zürich,8032,Zeltweg 27,,Wohnhaus und Geschäftshaus «Zum Thaleck»,26900380,,kantonal,19810812,RRB Nr. 3048/1981 Liste Stadt Zürich,-,,2684050.90294446,1246973.83496683,2684050.903,1246973.835
Zürich,Zürich,8001,Hirschengraben 42,,Haus zum Krönli,28100663,1739,kantonal,19810812,RRB Nr. 3048/1981 Liste Stadt Zürich,-,,2683749.8995896,1247515.83475954,2683749.9,1247515.835
Zürich,Zürich,8001,Florhofgasse 10,Zürich: Rechberg,"Lagerhaus, sog. «Packhaus»",28100641,,kantonal,19810812,RRB Nr. 3048/1981 Liste Stadt Zürich,-,,2683794.90005244,1247467.83479051,2683794.9,1247467.835
Zürich,Zürich,8001,Florhofgasse 6,,Konservatorium,28101073,,regional,19810812,RRB Nr. 3048/1981 Liste Stadt Zürich,ÖREB,20100125,2683812.90023968,1247446.8348029,2683812.9,1247446.835
Zürich,Zürich,8006,Rämistrasse 98; Rämistrasse 100,Zürich: Kantonsspital USZ,Hauptgebäude Rämistrasse 98. Poliklinik,26601380,1945,kantonal,19810812,RRB Nr. 3048/1981 Liste Stadt Zürich,-,,2683878.90034015,1247869.83484799,2683878.9,1247869.835
Zürich,Zürich,8006,Gloriastrasse 11,Zürich: Kantonsspital USZ,Verwaltungsgebäude Gloriastrasse 11 von 1911,26600911,1926,regional,,,-,,2684054.90201002,1247801.83496903,2684054.902,1247801.835
Zürich,Zürich,8006,Turnerstrasse 10,,Wohnhaus,27601011,1916,-,,,PD,19940328,2683500.90055208,1248715.83690863,2683500.901,1248715.837
Zürich,Zürich,8006,Stapferstrasse 60,,"Kirche, ref./Pfarrhaus Oberstrass",27100654,1908,kantonal,19810812,RRB Nr. 3048/1981 Liste Stadt Zürich,-,,2683678.89982142,1248709.83585213,2683678.9,1248709.836
Zürich,Zürich,8032,Zürichbergstrasse 10,Zürich: Kantonsschulen Rämibühl,Turnhallen,,1967,kantonal,,,-,,2684114.90285147,1247421.83473495,2684114.903,1247421.835
Zürich,Zürich,8044,Gellertstrasse 1,Zürich: ref. Kirchgemeinde Fluntern,"Kirche, ref.",26600742,1918,regional,19810812,RRB Nr. 3048/1981 Liste Stadt Zürich,-,,2684438.90205795,1247963.8291366,2684438.902,1247963.829
Zürich,Zürich,8032,Doldertal 17,Zürich: Doldertalhäuser,Wohnhaus Doldertal 17,26901750,1932,kantonal,19810812,RRB Nr. 3048/1981 Liste Stadt Zürich,-,,2685057.90225666,1247524.81841622,2685057.902,1247524.818
Opfikon,Glattbrugg,8152,Oberhauserstrasse 51,Opfikon: Oberstufenschulanlage Halden,Schultrakt A2 Singsaal von 1952/54,6600743,1952,regional,,,-,,2685247.94206484,1253881.82556404,2685247.942,1253881.826
Opfikon,Glattbrugg,8152,Oberhauserstrasse 57,Opfikon: Oberstufenschulanlage Halden,Trakt D 1-2/Schulpavillon 3a/3b von 1956-1960,6600882,1956,regional,,,-,,2685345.9414243,1253848.82496391,2685345.941,1253848.825
Opfikon,Glattbrugg,8152,Schulstrasse 2,Opfikon: ref. Kirche/Pfarrhaus,Pfarrhaus,6600024,1957,regional,,,-,,2685364.94021776,1253727.8251839,2685364.94,1253727.825
Opfikon,Opfikon,8152,Dorfstrasse 32,,Ortsmuseum,6600064,1640,regional,19791219,"RRB 3235/1982 Glattal, RRB 5113/1979 Liste Kanton",PD,19870302,2685828.94162264,1254020.82122969,2685828.942,1254020.821
Zürich,Zürich,8003,Aemtlerstrasse 113,"Zürich: Friedhof Sihlfeld A, B, C, D und E mit Hochbauten, Gartenanlage und Grabmäler bedeutender Persönlichkeiten",WC-Gebäude,27702754,1928,kantonal,19810812,RRB Nr. 3048/1981 Liste Stadt Zürich,-,,2681059.89942492,1247674.8494533,2681059.899,1247674.849
Zürich,Zürich,8004,Hardstrasse 86,"Zürich: Kirche, kath. St. Felix u. Regula",Glockenturm,26400502,1951,regional,,,-,,2681175.90505391,1248382.85001941,2681175.905,1248382.85
Zürich,Zürich,8004,Herdernstrasse 77,Zürich: Schlachthof,"ehem. Bahnwärterhaus, heute Nebengebäude",26403231,1909,kantonal,19810812,RRB Nr. 3048/1981 Liste Stadt Zürich,-,,2680745.90990098,1248781.85492089,2680745.91,1248781.855
Zürich,Zürich,8005,,Zürich: Sperrstelle 6090,Beobachtungsstand A04873,,1,regional,,,-,,2681165.91934257,1249809.85552356,2681165.919,1249809.856
Zürich,Zürich,8002,Gablerstrasse 15,Zürich: Rietberg Museum Ensemble mit Parkanlage,Rieterpark,,1857,kantonal,19810812,RRB Nr. 3048/1981 Liste Stadt Zürich,-,,2682461.88527843,1245813.83794372,2682461.885,1245813.838
Zürich,Zürich,8002,Parkring 30,,"Villa dem Schönen, Liceo Artistico",26501014,1898,regional,19810812,RRB Nr. 3048/1981 Liste Stadt Zürich,-,,2682442.88865234,1246696.83682121,2682442.889,1246696.837
Zürich,Zürich,8004,Rebgasse 8,Zürich: Zett-Haus,Hausteil Rebgasse 8,26400155,1930,kantonal,19810812,"RRB Nr. 3048/1981 Liste Stadt Zürich, kantonal nur Hausteil Rebgasse 8",-,,2682482.89448171,1247608.83712896,2682482.894,1247608.837
Zürich,Zürich,8002,General Guisan Quai; Arboretum; Mythenquai 3 bei,Zürich: Sperrstelle 6090,Bunker A 4841,,1939,kantonal,19921021,BDV Nr. 889/1992 Einzelaufstufung,ÖREB,19921207,2682940.89040406,1246449.83486916,2682940.89,1246449.835
Zürich,Zürich,8002,General Guisan Quai; Arboretum; Mythenquai 3 bei,Zürich: Sperrstelle 6090,Bunker A 4840,,1939,kantonal,19921021,BDV Nr. 889/1992 Einzelaufstufung,ÖREB,19921207,2682955.88994575,1246299.83504333,2682955.89,1246299.835
Zürich,Zürich,8001,Börsenstrasse 10; Fraumünsterstrasse 12; Fraumünsterstrasse 14; Stadthausquai 11; Stadthausquai 13,,Geschäftshaus «Metropol»,28101824,1894,regional,20060427,"BDV Nr. 3020/2006, RRB Nr. 3048/1981 Liste Stadt Zürich vom 12.08.1981",ÖREB,20080630,2683299.89615567,1246976.83445054,2683299.896,1246976.834
Zürich,Zürich,8001,Münsterhof 20; Wühre 1,,Zunfthaus zur Meise,28101296,1751,kantonal,19810812,RRB Nr. 3048/1981 Liste Stadt Zürich,ÖREB,20121203,2683313.89607468,1247153.83446005,2683313.896,1247153.835
Zürich,Zürich,8001,Münsterbrücke,,Münsterbrücke,,1836,regional,19810812,RRB Nr. 3048/1981 Liste Stadt Zürich,-,,2683374.89662581,1247153.83450199,2683374.897,1247153.835
Zürich,Zürich,8001,Pelikanstrasse 40; Talstrasse 71,"Zürich: Alter Botanischer Garten, Garten- und Bauensemble; Zürich: Ehem. Botanischer Garten, mit Schanzenmauern/ Bollwerk Zur Katz, Gewächshäusern, Sammlungsgebäuden (Völkerkundemuseum), Gartenbauelementen (Terrasse, Pergola, Denkmäler...) und Pflanzenbes","Völkerkundemuseum, Sammlungsgebäude",28101568,1863,kantonal,19810812,RRB Nr. 3048/1981 Liste Stadt Zürich,-,,2682783.89115719,1247263.83409562,2682783.891,1247263.834
Zürich,Zürich,8001,Pelikanplatz 5; Talacker 29; Talacker 29a,"Zürich: Ehem. Botanischer Garten, mit Schanzenmauern/ Bollwerk Zur Katz, Gewächshäusern, Sammlungsgebäuden (Völkerkundemuseum), Gartenbauelementen (Terrasse, Pergola, Denkmäler...) und Pflanzenbestand",Haus zum Grossen Pelikan,28101236,1675,kantonal,19810812,RRB Nr. 3048/1981 Liste Stadt Zürich,-,,2682895.89216794,1247264.83417262,2682895.892,1247264.834
Zürich,Zürich,,Stampfenbachstrasse 31; Stampfenbachstrasse 35; Walcheplatz 2; Walchestrasse 6,"Zürich: Kantonale Verwaltung, Zentralverwaltung",Walcheturm/Walchetor,28101144,,kantonal,19810812,RRB Nr. 3048/1981 Liste Stadt Zürich,-,,2683430.89598301,1248133.83453983,2683430.896,1248133.835
Zürich,Zürich,8006,Beckenhofstrasse 35 bei,Zürich: Beckenhof,Brunnen,,1700,kantonal,19810812,RRB Nr. 3048/1981 Liste Stadt Zürich,-,,2683246.90264034,1248840.83901019,2683246.903,1248840.839
Zürich,Zürich,8006,Beckenhofstrasse 27,Zürich: Beckenhof,Gartenpavillon um 1740,27600295,1735,kantonal,19810812,RRB Nr. 3048/1981 Liste Stadt Zürich,-,,2683266.90183691,1248759.83848173,2683266.902,1248759.839
Zürich,Zürich,8001,Limmatquai 31,,Wasserkirche und Helmhaus,28101163,,kantonal,19810812,RRB Nr. 3048/1981 Liste Stadt Zürich,-,,2683436.89719419,1247146.83454461,2683436.897,1247146.835
Zürich,Zürich,8001,Grossmünsterplatz 4; Zwingliplatz 7,"Zürich: Kirche, ref. Grossmünster","Kirche, ref. Grossmünster",28101164,,kantonal,19810812,RRB Nr. 3048/1981 Liste Stadt Zürich,-,,2683489.89764257,1247172.83458103,2683489.898,1247172.835
Zürich,Zürich,8001,Waldmannstrasse 8; Waldmannstrasse 8a,Zürich: Überbauung Heinrich Ernst 1883/1889 Rämistrasse,Geschäftshaus,28100970,1886,regional,19810812,RRB Nr. 3048/1981 Liste Stadt Zürich,-,,2683684.89959311,1247011.83471519,2683684.9,1247011.835
Zürich,Zürich,8001,Neumarkt 5,"Zürich: Neumarkttheater/Zunfthaus Zur Schuhmachern; Zürich: Zunfthaus ?Zur Schuhmachern? mit Bilgeriturm, Haus Zum Adlerberg",Theater/Bilgeriturm,28100316,1742,regional,19810812,RRB Nr. 3048/1981 Liste Stadt Zürich,-,,2683616.89846179,1247452.83466815,2683616.898,1247452.835
Zürich,Zürich,8001,Florhofgasse 12,Zürich: Rechberg,Gewächshaus,28100886,1889,kantonal,19810812,RRB Nr. 3048/1981 Liste Stadt Zürich,-,,2683804.90011583,1247490.83479737,2683804.9,1247490.835
Zürich,Zürich,8001,Rämistrasse 59,Zürich: alte Kantonsschule,"Alte Kantonsschule, heute  Pädagogische Hochschule Zürich",28100776,,kantonal,19810812,RRB Nr. 3048/1981 Liste Stadt Zürich,-,,2683960.90164016,1247392.83490468,2683960.902,1247392.835
Zürich,Zürich,8006,Gloriastrasse 17; Gloriastrasse 19; Gloriastrasse 17a,Zürich: Kantonsspital USZ,Ehem. Anantomie,26600122,,regional,19810812,RRB Nr. 3048/1981 Liste Stadt Zürich,-,,2684063.90213822,1247761.83497524,2684063.902,1247761.835
Zürich,Zürich,8006,Weinbergstrasse 32,,Kath. Liebfrauenkirche,27600519,1894,kantonal,19810812,RRB Nr. 3048/1981 Liste Stadt Zürich,PD,19840117,2683535.89681095,1248236.83461194,2683535.897,1248236.835
Zürich,Zürich,8006,Schmelzbergstrasse 10,Zürich: Kantonsspital USZ,Gebäude Schmelzbergstrasse 10. Aufnahmetrakt,26601383,1949,kantonal,19810812,"RRB Nr. 3048/1981 Liste Stadt Zürich, nur Kernbau von 1949 ohne nachträgliche Erweitertungen",-,,2683988.90124022,1247949.83492356,2683988.901,1247949.835
Zürich,Zürich,8008,Mühlebachstrasse 169,"Zürich: Villa Patumbah; Zürich: Villa Patumbah mit Ökonomiegebäude, Zwischentrakt, Pavillon und Gartenanlage",Pavillon,27300188,1890,kantonal,19810812,RRB Nr. 3048/1981 Liste Stadt Zürich,ÖREB,20060321,2684681.89495523,1245670.82223524,2684681.895,1245670.822
Zürich,Zürich,8008,Zollikerstrasse 130,"Zürich: Villa Patumbah; Zürich: Villa Patumbah mit Ökonomiegebäude, Zwischentrakt, Pavillon und Gartenanlage",Remise / Ökonomiegebäude,27302925,1883,kantonal,19810812,RRB Nr. 3048/1981 Liste Stadt Zürich,ÖREB,20060321,2684719.89525803,1245705.82189442,2684719.895,1245705.822
Zürich,Zürich,8008,Kreuzbühlstrasse 34,"Zürich: Herrschaftssitz «Zum Schönbühl» mit Villa, Nebengebäuden und Park",Ökonomiegebäude I,27300519,1854,regional,19810812,RRB Nr. 3048/1981 Liste Stadt Zürich,ÖREB,19820316,2684114.90374112,1246656.83472209,2684114.904,1246656.835
Zürich,Zürich,8008,Kreuzbühlstrasse 36,"Zürich: Herrschaftssitz «Zum Schönbühl» mit Villa, Nebengebäuden und Park",Gartenanlage,,1838,regional,19810812,RRB Nr. 3048/1981 Liste Stadt Zürich,ÖREB,19820316,2684118.90379028,1246612.83465212,2684118.904,1246612.835
Zürich,Zürich,,Gloriastrasse 12; Gloriastrasse 12a; Plattenstrasse 11,Zürich: Universität Zürich; Zürich: Zahnärztliches Institut der Universität Zürich?(seit 1994: Zentrum für Zahnmedizin ZZM),Hauptgebäude von 1960,26600763,1960,regional,,,-,,2684161.90251845,1247687.83392599,2684161.903,1247687.834
Zürich,Zürich,8032,Dolderstrasse 58,Zürich: ref. Kirchgemeinde Hottingen,Kreuzkirche,26901080,1902,kantonal,19810812,RRB Nr. 3048/1981 Liste Stadt Zürich,-,,2684831.90272986,1247215.8223224,2684831.903,1247215.822
Opfikon,Glattbrugg,8152,Oberhauserstrasse 49,Opfikon: Oberstufenschulanlage Halden,Schultrakt A3 Sekundarschule von 1952/54,6600743,1952,regional,,,-,,2685253.94236581,1253915.82542158,2685253.942,1253915.825
Opfikon,Glattbrugg,8152,Oberhauserstrasse 49,Opfikon: Oberstufenschulanlage Halden,Schultrakt A4 Spezialtrakt von 1952/54,6600743,1952,regional,,,-,,2685277.94250249,1253938.82518339,2685277.942,1253938.825
Opfikon,Glattbrugg,8152,Oberhauserstrasse 55,Opfikon: Oberstufenschulanlage Halden,Trakt C/Schulpavillon 2 von 1955,6600868,1955,regional,,,-,,2685334.94185787,1253890.82491887,2685334.942,1253890.825
Zürich,Zürich,8008,Lenggstrasse 47 bei,"Zürich: Psychiatrische Klinik Burghölzli; Zürich: Psychiatrische Universitätsklinik PUK (Kantonale Heilanstalt Burghölzli) mit drei Ökonomiegebäuden ?(ehem. Holz- und Kohlenlager, Tierstallungen, Heubühnen, Pferdestallungen, Metzgerei), Wirtschaftstrakt u",Wagenschopf 1873,,1873,kantonal,19810812,RRB Nr. 3048/1981 Liste Stadt Zürich,-,,2685459.8887457,1245409.80744745,2685459.889,1245409.807
Zürich,Zürich,8055,,Zürich/Uitikon/Schlieren: Sperrstelle 5053,Kleinunterstand A04960,,1,kantonal,,,-,,2678840.88653489,1246289.85537747,2678840.887,1246289.855
Zürich,Zürich,8055,,Zürich/Uitikon/Schlieren: Sperrstelle 5053,Kleinunterstand A04965,,1,kantonal,,,-,,2679450.88579402,1245639.85395248,2679450.886,1245639.854
Zürich,Zürich,8003,Albisriederstrasse 51,"Zürich: Friedhof Sihlfeld A, B, C, D und E mit Hochbauten, Gartenanlage und Grabmäler bedeutender Persönlichkeiten",Ehem. Krematorium Sihlfeld D,27701860,1915,kantonal,19810812,RRB Nr. 3048/1981 Liste Stadt Zürich,-,,2680475.9022449,1247760.85531538,2680475.902,1247760.855
Zürich,Zürich,8003,Aemtlerstrasse 149; Aemtlerstrasse 151,"Zürich: Friedhof Sihlfeld A, B, C, D und E mit Hochbauten, Gartenanlage und Grabmäler bedeutender Persönlichkeiten",Eingangsgebäude Friedhof Sihlfeld,27700411,1878,kantonal,19810812,RRB Nr. 3048/1981 Liste Stadt Zürich,-,,2680947.90058195,1247782.85041938,2680947.901,1247782.85
Zürich,Zürich,8005,,Zürich: Sperrstelle 6090,Infanteriewerk A04862,,1,regional,,,-,,2681380.90826869,1248774.85034185,2681380.908,1248774.85
Zürich,Zürich,8002,Tessinerplatz 12a; Tessinerplatz 12b,Zürich: Bahnhofanlage Zürich-Enge; Zürich: Bahnhof Zürich-Enge mit Aufnahmegebäude und Perronanlage,Perronanlage,26501567,1925,regional,19810812,RRB Nr. 3048/1981 Liste Stadt Zürich,-,,2682495.88766966,1246468.83661031,2682495.888,1246468.837
Zürich,Zürich,8002,Gablerstrasse 3; Gablerstrasse 3a,Zürich: Rietberg Museum Ensemble mit Parkanlage,Gewächshaus,26500097,1857,kantonal,,,-,,2682514.88572122,1245963.83716761,2682514.886,1245963.837
Zürich,Zürich,8002,Tessinerplatz 10; Tessinerplatz 12,Zürich: Bahnhofanlage Zürich-Enge,Tunnelportal Süd,,1875,regional,19810812,RRB Nr. 3048/1981 Liste Stadt Zürich,-,,2682527.88709392,1246335.83647601,2682527.887,1246335.837
Zürich,Zürich,8002,Brandschenkestrasse 129; Brandschenkestrasse 135; Gutenbergstrasse 15; Steinentischstrasse 10; Steinentischstrasse 6; Steinentischstrasse 8,"Zürich: Kantonsschule Freudenberg; Zürich: Kantonsschule Freudenberg, Schulgebäude und Aula",Schulgebäude,26500501,1959,kantonal,,,-,,2682337.88865065,1246631.83801164,2682337.889,1246631.838
Zürich,Zürich,8002,Parkring 37,Zürich: Kantonsschule Freudenberg,Abwartswohnhaus,26500114,1962,kantonal,,,-,,2682408.88859918,1246661.83722755,2682408.889,1246661.837
Zürich,Zürich,8001,Pelikanstrasse 40; Pelikanstrasse 42,"Zürich: Alter Botanischer Garten, Garten- und Bauensemble; Zürich: Ehem. Botanischer Garten, mit Schanzenmauern/ Bollwerk Zur Katz, Gewächshäusern, Sammlungsgebäuden (Völkerkundemuseum), Gartenbauelementen (Terrasse, Pergola, Denkmäler...) und Pflanzenbes","Grosses Gewächshaus, heute Institutsgebäude",28101577,,kantonal,19810812,RRB Nr. 3048/1981 Liste Stadt Zürich,-,,2682760.89098338,1247234.83407983,2682760.891,1247234.834
Zürich,Zürich,8004,Kasernenstrasse 49; Militärstrasse 3,Zürich: Kasernenareal,Hauptgebäude,26400730,1873,kantonal,19810812,RRB Nr. 3048/1981 Liste Stadt Zürich,-,,2682647.89521035,1247759.83694825,2682647.895,1247759.837
Zürich,Zürich,8004,Kanonengasse 18,"Zürich: Kasernenareal; Zürich: Zeughäuser 1, 2, und 5",Zeughaus 1,26400567,1866,kantonal,19810812,RRB Nr. 3048/1981 Liste Stadt Zürich,-,,2682391.89815933,1247979.83954593,2682391.898,1247979.839
Zürich,Zürich,8001,Münsterhof 8,,Zunfthaus Zur Waag,28101251,,kantonal,19810812,RRB Nr. 3048/1981 Liste Stadt Zürich,PD,20041117,2683211.89512263,1247179.83438991,2683211.895,1247179.834
Zürich,Zürich,8001,Lindenhofstrasse 3,,Haus «Zum Schütz»,28101522,1,-,,,ÖREB,20160706,2683224.89481927,1247538.83439861,2683224.895,1247538.834
Zürich,Zürich,8006,Beckenhofstrasse 33,Zürich: Beckenhof,Kleines Herrenhaus um 1730,27600282,1725,kantonal,19810812,RRB Nr. 3048/1981 Liste Stadt Zürich,-,,2683267.90245274,1248828.83882794,2683267.903,1248828.839
Zürich,Zürich,8008,Höschgasse 4,,Villa Egli,27301550,1898,kantonal,19810812,RRB Nr. 3048/1981 Liste Stadt Zürich,-,,2683979.89378719,1245619.8301476,2683979.894,1245619.83
Zürich,Zürich,8001,Kirchgasse 11; Kirchgasse 13; Zwingliplatz 4; Zwingliplatz 5; Kirchgasse 15,Zürich: Helferei Grossmünster,Grossmünsterkapelle,28100178,1858,kantonal,19810812,RRB Nr. 3048/1981 Liste Stadt Zürich,ÖREB,20150518,2683547.89814315,1247192.83462089,2683547.898,1247192.835
Zürich,Zürich,8001,Rämistrasse 27,Zürich: Überbauung Heinrich Ernst 1883/1889 Rämistrasse,Geschäftshaus,28100973,1886,regional,19810812,RRB Nr. 3048/1981 Liste Stadt Zürich,-,,2683732.90003734,1247002.8347482,2683732.9,1247002.835
Zürich,Zürich,8001,Rämistrasse 33,Zürich: Überbauung Heinrich Ernst 1883/1889 Rämistrasse,Geschäftshaus,28100963,1885,regional,19810812,RRB Nr. 3048/1981 Liste Stadt Zürich,ÖREB,20170927,2683753.90019191,1247032.83476261,2683753.9,1247032.835
Zürich,Zürich,8001,Stadelhoferstrasse 6a,Zürich: Bahnhofanlage SBB Station Zürich Stadelhofen,Neubauten Calatrava,28101033,,kantonal,,,-,,2683828.90113563,1246805.83481433,2683828.901,1246805.835
Zürich,Zürich,8001,Schanzengasse 20,Zürich: Villa Falkenstein,Hauptgebäude,26900373,1866,regional,19810812,RRB Nr. 3048/1981 Liste Stadt Zürich,PD,19810715,2683961.90223061,1246896.8349057,2683961.902,1246896.835
Zürich,Zürich,8001,Neumarkt 7,"Zürich: Neumarkttheater/Zunfthaus Zur Schuhmachern; Zürich: Zunfthaus ?Zur Schuhmachern? mit Bilgeriturm, Haus Zum Adlerberg",Haus Zum Adlerberg,28100315,1309,regional,19810812,RRB Nr. 3048/1981 Liste Stadt Zürich,-,,2683629.89856518,1247464.83467708,2683629.899,1247464.835
Zürich,Zürich,8001,Künstlergasse 15a,Zürich: Stockargut; Zürich: Stockergut und Gartenpavillon mit Gartenanlage,Pavillon,28100646,,kantonal,19810812,RRB Nr. 3048/1981 Liste Stadt Zürich,-,,2683694.8988512,1247721.83472159,2683694.899,1247721.835
Zürich,Zürich,8006,Rämistrasse 101,Zürich: ETH Zürich,ETH Zürich Hauptgebäude,28101983,1860,kantonal,19810812,RRB Nr. 3048/1981 Liste Stadt Zürich,-,,2683797.89958956,1247885.83479229,2683797.9,1247885.835
Zürich,Zürich,8001,Hirschengraben 40 bei,Zürich: Rechberg,Hofbrunnen und Gartenaufgang,,1770,kantonal,19810812,RRB Nr. 3048/1981 Liste Stadt Zürich,-,,2683804.90008183,1247519.83479735,2683804.9,1247519.835
Zürich,Zürich,8006,Rämistrasse 73,Zürich: Universität Zürich,"Ehem. Augenklinik, heute Archäologie und Kunstgeschichte",28101014,1893,kantonal,19810812,RRB Nr. 3048/1981 Liste Stadt Zürich,-,,2683857.90027936,1247759.83483363,2683857.9,1247759.835
Zürich,Zürich,,Cäcilienstrasse 1; Rämistrasse 52; Rämistrasse 54,Zürich: Kantonsschulen Rämibühl,Naturwissenschaftsgebäude mit Aula,26901907,1967,kantonal,,,-,,2684087.90290717,1247290.83499205,2684087.903,1247290.835
Zürich,Zürich,8006,Gloriastrasse 25,Zürich: Kantonsspital USZ,Gebäude Gloriastrasse 25. Osttrakt 4,26601389,1950,kantonal,19810812,RRB Nr. 3048/1981 Liste Stadt Zürich,-,,2684089.90230163,1247822.83499307,2684089.902,1247822.835
Zürich,Zürich,8001,Leonhardstrasse 18,Zürich: Altersheime St. Leonhard,Pfrundhaus,28100769,1840,regional,19810812,RRB Nr. 3048/1981 Liste Stadt Zürich,-,,2683627.89794577,1247977.83467536,2683627.898,1247977.835
Zürich,Zürich,8006,Universitätstrasse 6; Universitätstrasse 6a; Universitätstrasse 6b; Universitätstrasse 6c; Universitätstrasse 6d; Universitätstrasse 6e; Universitätstrasse 6f,Zürich: ETH Zürich,ETH Zürich Chemiegebäude,,1883,kantonal,19810812,RRB Nr. 3048/1981 Liste Stadt Zürich,-,,2683824.89958969,1248093.83481072,2683824.9,1248093.835
Zürich,Zürich,8006,Sternwartstrasse 4,Zürich: Kantonsspital USZ,Gebäude Sternwartstrasse 4. Operationstrakt,26601386,1950,kantonal,19810812,RRB Nr. 3048/1981 Liste Stadt Zürich,-,,2684041.90172025,1247948.83495999,2684041.902,1247948.835
Zürich,Zürich,8008,Zollikerstrasse 128; Zollikerstrasse 128a,"Zürich: Villa Patumbah; Zürich: Villa Patumbah mit Ökonomiegebäude, Zwischentrakt, Pavillon und Gartenanlage",Villa Patumbah,27301046,1883,kantonal,19810812,RRB Nr. 3048/1981 Liste Stadt Zürich,ÖREB,20060321,2684698.89552757,1245726.82232968,2684698.896,1245726.822
Zürich,Zürich,8032,Steinwiesstrasse 89,Zürich: Kinderspital,"Gebäude I, Oberes Haus, ehem. Infektionshaus",26901462,1931,regional,,,-,,2684533.90259156,1247463.82748404,2684533.903,1247463.828
Opfikon,Glattbrugg,8152,Oberhauserstrasse 47,Opfikon: Oberstufenschulanlage Halden,Schultrakt A1 Turnhalle von 1952/54,6600743,1952,regional,,,-,,2685207.94252962,1253916.8257458,2685207.942,1253916.826
Zürich,Zürich,8055,,Zürich/Uitikon/Schlieren: Sperrstelle 5053,Kleinunterstand A04961,,1,kantonal,,,-,,2678945.88718149,1246209.85540922,2678945.887,1246209.855
Zürich,Zürich,8003,Albisriederstrasse 31 bei,"Zürich: Friedhof Sihlfeld A, B, C, D und E mit Hochbauten, Gartenanlage und Grabmäler bedeutender Persönlichkeiten","Friedhofmauern, Tore, Grünanlagen, Grabmäler und sonstiges Gartenmobiliar ohne Hochbauten",,1,kantonal,19810812,RRB Nr. 3048/1981 Liste Stadt Zürich,-,,2680590.90292148,1247926.85384486,2680590.903,1247926.854
Zürich,Zürich,8004,Herdernstrasse 65; Herdernstrasse 67,Zürich: Schlachthof,"ehem. Stallungen für Gross- und Kleinvieh, heute Betriebsgebäude",26403185,1909,kantonal,19810812,"RRB Nr. 3048/1981 Liste Stadt Zürich, teilweise Schutzobjekt siehe Schutzplan Inventarbeschrieb",-,,2680604.91022733,1248743.85524638,2680604.91,1248743.855
Zürich,Zürich,8005,,Zürich: Sperrstelle 6090,Perm Waffenstellung A04875,,1,kantonal,,,-,,2680690.92249992,1249849.85669009,2680690.922,1249849.857
Zürich,Zürich,8003,Aemtlerstrasse 113 bei,"Zürich: Friedhof Sihlfeld A, B, C, D und E mit Hochbauten, Gartenanlage und Grabmäler bedeutender Persönlichkeiten",Urnennischenwand,,1,kantonal,19810812,RRB Nr. 3048/1981 Liste Stadt Zürich,-,,2681063.89897186,1247609.84952447,2681063.899,1247609.85
Zürich,Zürich,8002,Seestrasse 110,Zürich: Rietberg Museum Ensemble mit Parkanlage,"Villa Rieter, sog. Rote Villa",26500520,1887,regional,,,-,,2682530.88498648,1245778.83727765,2682530.885,1245778.837
Zürich,Zürich,8002,Seestrasse 141,,Teilstück des Belvoirparkzauns,,1,regional,,,ÖREB,20150427,2682626.88430007,1245655.83646204,2682626.884,1245655.837
Zürich,Zürich,8002,Bürglistrasse 15,Zürich: ref. Kirchgemeinde Enge,"Kirche Enge, ref.",26500677,1892,kantonal,19810812,RRB Nr. 3048/1981 Liste Stadt Zürich,-,,2682404.8873112,1246317.83778357,2682404.887,1246317.838
Zürich,Zürich,8002,Gablerstrasse 14,Zürich: Rietberg Museum Ensemble mit Parkanlage,Villa Schönberg,26500207,,kantonal,,,-,,2682465.88587253,1245973.83766283,2682465.886,1245973.838
Zürich,Zürich,8004,Badenerstrasse 90; Rotwandstrasse 19; Rotwandstrasse 21; Stauffacherstrasse 55; Rotwandstrasse 19a; Rotwandstrasse 21a,,Bezirksgebäude,26403478,1914,kantonal,19810812,RRB Nr. 3048/1981 Liste Stadt Zürich,-,,2682118.89548725,1247619.83978199,2682118.896,1247619.84
Zürich,Zürich,8004,Badenerstrasse 16; Badenerstrasse 18,Zürich: Zett-Haus,Geschäftshaus mit Kino Badenerstrasse 16/18,26404477,1930,kantonal,19810812,RRB Nr. 3048/1981 Liste Stadt Zürich,-,,2682472.89406387,1247561.83698219,2682472.894,1247561.837
Zürich,Zürich,8001,Pelikanstrasse 40; Talstrasse 71,"Zürich: Alter Botanischer Garten, Garten- und Bauensemble; Zürich: Ehem. Botanischer Garten, mit Schanzenmauern/ Bollwerk Zur Katz, Gewächshäusern, Sammlungsgebäuden (Völkerkundemuseum), Gartenbauelementen (Terrasse, Pergola, Denkmäler...) und Pflanzenbes",Gartenanlage,,1836,kantonal,19810812,RRB Nr. 3048/1981 Liste Stadt Zürich,-,,2682680.89064871,1247265.83423812,2682680.891,1247265.834
Zürich,Zürich,8001,,Zürich: Sperrstelle 6090,Infanteriewerk A04844,,1,kantonal,,,-,,2683325.89644006,1246804.8345009,2683325.896,1246804.835
Zürich,Zürich,8001,Stadthausquai,,Ravelin «Bauschänzli»,,1,kantonal,19810812,RRB Nr. 3048/1981 Liste Stadt Zürich,-,,2683369.89687486,1246902.83449872,2683369.897,1246902.835
Zürich,Zürich,8001,Bahnhofstrasse 69,Zürich: Geschäftshaus «Zur Trülle»,Hausteil,28101544,1898,regional,19810812,RRB Nr. 3048/1981 Liste Stadt Zürich,ÖREB,20080204,2683045.89312112,1247607.83427551,2683045.893,1247607.834
Zürich,Zürich,8001,Limmatquai 61,,Hauptwache,28100692,1824,kantonal,19810812,RRB Nr. 3048/1981 Liste Stadt Zürich,-,,2683386.89647987,1247370.83451009,2683386.896,1247370.835
Zürich,Zürich,8006,Beckenhofstrasse 35,Zürich: Beckenhof,Gartenanlage,,1700,kantonal,19810812,RRB Nr. 3048/1981 Liste Stadt Zürich,-,,2683201.90256898,1248813.83913182,2683201.903,1248813.839
Zürich,Zürich,8006,Beckenhofstrasse 31,Zürich: Beckenhof,Lehens- bzw. Pächterhaus um 1700,27600146,1690,kantonal,19810812,RRB Nr. 3048/1981 Liste Stadt Zürich,-,,2683267.902336,1248815.83876163,2683267.902,1248815.839
Zürich,Zürich,8001,Limmatquai 40; Römergasse 3,,Zunfthaus «Zur Zimmerleuten»,28100245,,kantonal,19810812,RRB Nr. 3048/1981 Liste Stadt Zürich,ÖREB,20100930,2683436.89709572,1247230.83454456,2683436.897,1247230.835
Zürich,Zürich,8001,Rämistrasse 23,Zürich: Überbauung Heinrich Ernst 1883/1889 Rämistrasse,Geschäftshaus,28100984,1889,regional,19810812,RRB Nr. 3048/1981 Liste Stadt Zürich,PD,19780919,2683713.89988678,1246984.83473515,2683713.9,1246984.835
Zürich,Zürich,8001,Stadelhoferstrasse 26,,Baumwollhof,28100027,1812,-,,,PD,19830606,2683721.90011496,1246851.83474074,2683721.9,1246851.835
Zürich,Zürich,8001,Stadelhoferstrasse 8,Zürich: Bahnhofanlage SBB Station Zürich Stadelhofen,Aufnahmegebäude,28101031,,kantonal,,,-,,2683822.9011119,1246779.83481022,2683822.901,1246779.835
Zürich,Zürich,8001,Neumarkt 4,,Haus Zum unteren Rech,28100293,1437,regional,19810812,RRB Nr. 3048/1981 Liste Stadt Zürich,PD,19770803,2683614.89847185,1247428.83466679,2683614.898,1247428.835
Zürich,Zürich,8001,Florhofgasse 8,Zürich: Rechberg,Stall und Remise,28100640,,kantonal,19810812,RRB Nr. 3048/1981 Liste Stadt Zürich,-,,2683782.89994988,1247462.83478226,2683782.9,1247462.835
Zürich,Zürich,8006,Doktor Faust-Gasse 11; Doktor Faust-Gasse 9; Karl Schmid-Strasse 4; Künstlergasse 12; Künstlergasse 14; Künstlergasse 16; Rämistrasse 71; Rämistrasse 71/Doktor Faust-Gasse 9-11/Künstlergasse 12-16; Rämistrasse 71KOMMA Karl Schmid-Strasse 4KOMMA Künstlerga,Zürich: Universität Zürich,Kollegiengebäude I + II,28101102,,kantonal,19810812,RRB 3048/1981 Liste Stadt Zürich,-,,2683863.900425,1247681.8348378,2683863.9,1247681.835
Zürich,Zürich,8006,Rämistrasse 90,Zürich: Kantonsspital USZ,Musikpavillon im Park,26601322,1952,kantonal,19810812,RRB Nr. 3048/1981 Liste Stadt Zürich,-,,2683988.90139613,1247816.83492364,2683988.901,1247816.835
Zürich,Zürich,8006,Gloriastrasse 29,Zürich: Kantonsspital USZ,Gebäude Gloriastrasse 29. Hörsaaltrakt,26601387,1950,kantonal,19810812,RRB Nr. 3048/1981 Liste Stadt Zürich,-,,2684061.90195839,1247899.83497377,2684061.902,1247899.835
Zürich,Zürich,8006,Schmelzbergstrasse 6,Zürich: Kantonsspital USZ,Gebäude Schmelzbergstrasse 6. Chirurgietrakt,26601382,1950,kantonal,19810812,RRB Nr. 3048/1981 Liste Stadt Zürich,-,,2683920.90061881,1247955.8348768,2683920.901,1247955.835
Zürich,Oerlikon,8050,Dörflistrasse 90c bei,Zürich: Offene Rennbahn Zürich-Oerlikon,Rampe,,1,kantonal,,,-,,2683914.92292758,1251599.84390831,2683914.923,1251599.844
Zürich,Zürich,8050,Dörflistrasse 90c; Dörflistrasse 90n,Zürich: Offene Rennbahn Zürich-Oerlikon,Garderobengebäude,27200802,1912,kantonal,,,-,,2683945.92330849,1251629.84382535,2683945.923,1251629.844
Zürich,Oerlikon,8050,Dörflistrasse 90 bei,Zürich: Offene Rennbahn Zürich-Oerlikon,Fahrbahn,,1,kantonal,,,-,,2683971.92239829,1251514.84332872,2683971.922,1251514.843
Zürich,Zürich,8008,Zollikerstrasse 128; Zollikerstrasse 128a; Zollikerstrasse 130,Zürich: Villa Patumbah,Zaun,,1,kantonal,20120620,RRB Nr. 646/2012,ÖREB,20120627,2684632.89504078,1245680.8228908,2684632.895,1245680.823
Zürich,Zürich,8008,Neumünsterstrasse 10,,Neumünsterkirche,27300290,1836,kantonal,19810812,RRB Nr. 3048/1981 Liste Stadt Zürich,PD,19801029,2684585.89893488,1246130.8252554,2684585.899,1246130.825
Zürich,Zürich,8032,Asylstrasse 70,,Hausteil Asylstrasse 70,26900893,1896,-,,,PD,20060824,2684765.90289203,1246882.82339393,2684765.903,1246882.823
Zürich,Zürich,8006,Gloriastrasse 31,Zürich: Kantonsspital USZ,Dermatologie Gloriastrasse 31 von 1923,26600772,1923,regional,,,-,,2684132.90231559,1247874.83443104,2684132.902,1247874.834
Zürich,Zürich,8032,Freiestrasse 36,Zürich: Universität Zürich,Institut für Erziehungswissenschaft,26900696,1969,regional,,,-,,2684252.90294826,1247278.83234418,2684252.903,1247278.832
Zürich,Zürich,8032,Hofstrasse 47; Steinwiesstrasse 75,Zürich: Kinderspital,"Gebäude IV, Poliklinik",26901797,1937,regional,,,-,,2684543.90270049,1247365.82730932,2684543.903,1247365.827
Zürich,Zürich,8044,Zürichbergstrasse 71,Zürich: Vorderberg Fluntern,Gesellenhaus,26600031,1600,-,,,PD,19690925,2684643.90207911,1247856.82558688,2684643.902,1247856.826
Zürich,Zürich,8032,Dolderstrasse 60,Zürich: ref. Kirchgemeinde Hottingen,Sigristenhaus,26901251,1909,kantonal,19810812,RRB Nr. 3048/1981 Liste Stadt Zürich,-,,2684815.90267512,1247269.82260022,2684815.903,1247269.823
Opfikon,Glattbrugg,8152,Schulstrasse 2 bei,Opfikon: ref. Kirche/Pfarrhaus,Glockenturm,6600023,1957,regional,,,-,,2685357.94072292,1253778.825084,2685357.941,1253778.825
Zürich,Zürich,8055,,Zürich/Uitikon/Schlieren: Sperrstelle 5053,Kleinunterstand A04962,,1,kantonal,,,-,,2679065.88561309,1246489.86105861,2679065.886,1246489.861
Zürich,Zürich,8048,Altstetterplatz 11; Altstetterplatz 12,Zürich: Bahnhof SBB Station Zürich Altstetten,Bahnhofgebäude,26300700,1965,kantonal,,,-,,2679270.92648624,1249496.85947487,2679270.927,1249496.859
Zürich,Zürich,8004,Herdernstrasse 69,Zürich: Schlachthof,"ehem. Stallungen/Wagenremise für Gastpferde, heute Laborgebäude",26403183,1909,kantonal,19810812,RRB Nr. 3048/1981 Liste Stadt Zürich,-,,2680671.90947787,1248711.85504266,2680671.909,1248711.855
Zürich,Zürich,8004,Herdernstrasse 71,Zürich: Schlachthof,"ehem. Pferdeschlachthaus, heute Lagergebäude mit Laden",26403184,1909,kantonal,19810812,RRB Nr. 3048/1981 Liste Stadt Zürich,-,,2680682.90961158,1248728.85504229,2680682.91,1248728.855
Zürich,Zürich,8048,Aargauerstrasse 10,,Fernmeldezentrum Herdern,26300213,1972,regional,,,-,,2680157.92284818,1249617.85758745,2680157.923,1249617.858
Zürich,Zürich,8003,Aemtlerstrasse 171,"Zürich: Friedhof Sihlfeld A, B, C, D und E mit Hochbauten, Gartenanlage und Grabmäler bedeutender Persönlichkeiten",Gerätehaus,27701529,1904,kantonal,19810812,RRB Nr. 3048/1981 Liste Stadt Zürich,-,,2680852.90145826,1247858.8512658,2680852.902,1247858.851
Zürich,Zürich,8005,,Zürich: Sperrstelle 6090,Beobachtungsstand A04872,,1,regional,,,-,,2681185.91911369,1249799.85546208,2681185.919,1249799.856
Zürich,Zürich,8002,Scheideggstrasse 27,Zürich: Rietberg Museum Ensemble mit Parkanlage,"Gartenhaus, sog. Lavaterhaus",26500047,1,kantonal,,,-,,2682438.88505646,1245740.83829235,2682438.885,1245740.838
Zürich,Zürich,8001,Pelikanstrasse 40; Talstrasse 71,"Zürich: Alter Botanischer Garten, Garten- und Bauensemble; Zürich: Ehem. Botanischer Garten, mit Schanzenmauern/ Bollwerk Zur Katz, Gewächshäusern, Sammlungsgebäuden (Völkerkundemuseum), Gartenbauelementen (Terrasse, Pergola, Denkmäler...) und Pflanzenbes",Bollwerk Zur Katz,,1646,kantonal,19810812,RRB Nr. 3048/1981 Liste Stadt Zürich,-,,2682625.89071415,1247249.83447349,2682625.891,1247249.835
Zürich,Zürich,8001,Gessnerallee 11,"Zürich: Kasernenareal; Zürich: Theater an der Sihl/Hochschule Musik und Theater, ehem. kantonale Militärreitanstalt mit kleiner Reithalle, Stallungen, Zeughaus","Haus Gessneralle, ehem. Stallungen",28101653,1866,kantonal,19810812,RRB Nr. 3048/1981 Liste Stadt Zürich,-,,2682722.89403616,1247660.83601098,2682722.894,1247660.836
Zürich,Zürich,8005,,Zürich: Sperrstelle 6090,Infanteriewerk A04858,,1,regional,,,-,,2682220.91057342,1249289.8472139,2682220.911,1249289.847
Zürich,Zürich,8002,Alfred Escher-Strasse 85,Zürich: Swiss RE Schweizerische Rückversicherung,Pavillon,26501160,1955,regional,,,-,,2682829.88670547,1245884.8355077,2682829.887,1245884.835
Zürich,Zürich,8002,Genferstrasse 2; Tödistrasse 1; General Guisan-Quai 30; General Guisan-Quai 32; General Guisan-Quai 34; General Guisan-Quai 36; Tödistrasse 1a,,Weisses Schloss,26500587,1890,regional,19810812,RRB Nr. 3048/1981 Liste Stadt Zürich,-,,2682876.88984941,1246496.83480839,2682876.89,1246496.835
Zürich,Zürich,8002,General Guisan Quai; Arboretum; Mythenquai 3 bei,Zürich: Sperrstelle 6090,Bunker A 4839,,1939,kantonal,19921021,BDV Nr. 889/1992 Einzelaufstufung,ÖREB,19921207,2682900.88891717,1246209.83514115,2682900.889,1246209.835
Zürich,Zürich,8001,Gessnerallee 8,Zürich: Kasernenareal,Ehem. Reitanstalt mit Stallungen,28101613,1864,kantonal,19810812,RRB Nr. 3048/1981 Liste Stadt Zürich,-,,2682768.89407678,1247684.83586828,2682768.894,1247684.836
Zürich,Zürich,8001,Nüschelerstrasse 36; Löwenstrasse 10,,Synagoge,28101773,1883,regional,19810812,RRB Nr. 3048/1981 Liste Stadt Zürich,PD,19850502,2682820.89241532,1247521.83473711,2682820.892,1247521.835
Zürich,Zürich,8001,Uraniastrasse 9; Oetenbachgasse 24,Zürich: Amtshäuser I-IV/Sternwarte «Urania» mit Geschäftshaus,Geschäftshaus mit Sternwarte «Urania»,28101850,,kantonal,19810812,RRB Nr. 3048/1981 Liste Stadt Zürich,ÖREB,19891025,2683133.89387166,1247645.83433598,2683133.894,1247645.834
Zürich,Zürich,8001,Lindenhofstrasse 21; Lindenhofstrasse 23; Lindenhofstrasse 25; Uraniastrasse 2; Werdmühleplatz 4; Werdmühlestrasse 10; Werdmühlestrasse 12,Zürich: Amtshäuser I-IV/Sternwarte «Urania» mit Geschäftshaus,Amtshaus III,28101871,,kantonal,19810812,RRB Nr. 3048/1981 Liste Stadt Zürich,-,,2683236.89471317,1247721.83440674,2683236.895,1247721.834
Zürich,Zürich,8001,Bahnhofquai 3,Zürich: Amtshäuser I-IV/Sternwarte «Urania» mit Geschäftshaus,"Amtshaus I, Stadtpolizei",28101511,1765,kantonal,19810812,RRB Nr. 3048/1981 Liste Stadt Zürich,-,,2683299.89527183,1247730.83445004,2683299.895,1247730.834
Zürich,Zürich,8001,Limmatquai 62,,Haus der Museumsgesellschaft,28100468,,regional,19810812,RRB Nr. 3048/1981 Liste Stadt Zürich,PD,19971006,2683403.89662174,1247380.83452177,2683403.897,1247380.835
Zürich,Zürich,8001,Limmatquai 42; Rüdenplatz 1,,Zunfthaus Zum Rüden,28100244,1295,kantonal,19810812,RRB Nr. 3048/1981 Liste Stadt Zürich,-,,2683428.897,1247250.83453904,2683428.897,1247250.835
Zürich,Zürich,8005,Ausstellungsstrasse 60; Sihlquai 87; Ausstellungsstrasse 44,,"Hochschule für Gestaltung und Kunst Zürich (HGKZ), ehem. Kunstgewerbeschule",26404468,1930,kantonal,19810812,RRB Nr. 3048/1981 Liste Stadt Zürich,-,,2682833.90186683,1248579.84005913,2682833.902,1248579.84
Zürich,Zürich,8001,Neumühlequai 10; Neumühlequai 12; Neumühlequai 8; Stampfenbachstrasse 17; Stampfenbachstrasse 19; Walcheplatz 4,"Zürich: Kantonale Verwaltung, Zentralverwaltung",Kaspar Escher Haus,28100966,1911,kantonal,19810812,RRB Nr. 3048/1981 Liste Stadt Zürich,-,,2683389.89566532,1248088.83451167,2683389.896,1248088.835
Zürich,Zürich,8006,Beckenhofstrasse 37,Zürich: Beckenhof,Ökonomiegebäude um 1740,27600294,1735,kantonal,19810812,RRB Nr. 3048/1981 Liste Stadt Zürich,-,,2683238.90295812,1248872.83921953,2683238.903,1248872.839
Zürich,Zürich,8006,Beckenhofstrasse 35,Zürich: Beckenhof,Grosses Herrenhaus um 1740,27600036,1735,kantonal,19810812,RRB Nr. 3048/1981 Liste Stadt Zürich,PD,19840829,2683240.90249254,1248821.83894785,2683240.903,1248821.839
Zürich,Zürich,8050,Birchstrasse 95; Holunderweg 1,,Schulhaus,27200814,1913,kantonal,,,-,,2682857.92228005,1251341.84935384,2682857.922,1251341.849
Zürich,Zürich,8050,Hofwiesenstrasse 373; Hofwiesenstrasse 373a,Zürich: Bahnhof SBB Station Zürich Oerlikon,Perronüberdachung II,27202686,1978,kantonal,,,-,,2683413.92316741,1251807.84671639,2683413.923,1251807.847
Zürich,Zürich,8001,Kirchgasse 9; Zwingliplatz 6,"Zürich: Kirche, ref. Grossmünster",Kreuzgang und Theologisches Seminar,28100179,1170,kantonal,19810812,RRB Nr. 3048/1981 Liste Stadt Zürich,-,,2683534.89805969,1247163.83461197,2683534.898,1247163.835
Zürich,Zürich,8001,Waldmannstrasse 6; Waldmannstrasse 6a,Zürich: Überbauung Heinrich Ernst 1883/1889 Rämistrasse,Geschäftshaus,28100969,1887,regional,19810812,RRB Nr. 3048/1981 Liste Stadt Zürich,-,,2683690.8996567,1247003.83471932,2683690.9,1247003.835
Zürich,Zürich,8001,Winkelwiese 4,Zürich: Villa Tobler,Hauptgebäude,28100852,1852,kantonal,19810812,RRB Nr. 3048/1981 Liste Stadt Zürich,-,,2683698.89951447,1247186.8347247,2683698.9,1247186.835
Zürich,Zürich,8001,Rämistrasse 37,Zürich: Überbauung Heinrich Ernst 1883/1889 Rämistrasse,Geschäftshaus,28100961,1885,regional,19810812,RRB Nr. 3048/1981 Liste Stadt Zürich,PD,19900618,2683772.90032841,1247062.83477566,2683772.9,1247062.835
Zürich,Zürich,8001,Rämistrasse 39,Zürich: Überbauung Heinrich Ernst 1883/1889 Rämistrasse,Geschäftshaus,28100977,1888,regional,19810812,RRB Nr. 3048/1981 Liste Stadt Zürich,-,,2683778.90036387,1247078.83477977,2683778.9,1247078.835
Zürich,Zürich,8001,Chorgasse 23; Zähringerplatz 6,,"Zentralbibliothek, Stammhaus",28101109,1915,kantonal,19810812,RRB Nr. 3048/1981 Liste Stadt Zürich,-,,2683551.8976811,1247617.83462336,2683551.898,1247617.835
Zürich,Zürich,8001,Predigerplatz 1,Zürich: Predigerkirche/Predigerchor,"Kirche, ref.",28100590,,kantonal,19810812,RRB Nr. 3048/1981 Liste Stadt Zürich,PD,19940224,2683603.89818492,1247588.83465912,2683603.898,1247588.835
Zürich,Zürich,8001,Künstlergasse 15,Zürich: Stockargut; Zürich: Stockergut und Gartenpavillon mit Gartenanlage,Gartenanlage,,1,kantonal,19810812,RRB Nr. 3048/1981 Liste Stadt Zürich,-,,2683714.89908465,1247676.83473537,2683714.899,1247676.835
Zürich,Zürich,8001,Hirschengraben 40 bei,Zürich: Rechberg,Prachtstore und Ziergitter,,1770,kantonal,19810812,RRB Nr. 3048/1981 Liste Stadt Zürich,-,,2683771.8998376,1247473.83477469,2683771.9,1247473.835
Zürich,Zürich,8006,Rämistrasse 102,Zürich: Kantonsspital USZ,Bettenhaus Rämistrasse 100. Westtrakt 1/2,26601381,1951,kantonal,19810812,RRB Nr. 3048/1981 Liste Stadt Zürich,-,,2683920.90066218,1247918.83487683,2683920.901,1247918.835
Zürich,Zürich,8006,Rämistrasse 100,Zürich: Kantonsspital USZ,Gartenanlage,,1,kantonal,19810812,RRB Nr. 3048/1981 Liste Stadt Zürich,-,,2683997.90149502,1247801.83492984,2683997.902,1247801.835
Zürich,Zürich,8032,Zürichbergstrasse 2; Zürichbergstrasse 8,Zürich: Universität Zürich,"Hauptgebäude, heute romanisches Seminar",26901264,,kantonal,19810812,RRB Nr. 3048/1981 Liste Stadt Zürich,-,,2684037.90221981,1247491.83495755,2684037.902,1247491.835
Zürich,Zürich,8050,Hofwiesenstrasse 369,Zürich: Bahnhof SBB Station Zürich Oerlikon,Aufnahmegebäude,27200068,1913,kantonal,,,-,,2683436.92273037,1251771.84665224,2683436.923,1251771.847
Zürich,Zürich,8050,Dörflistrasse 90,Zürich: Offene Rennbahn Zürich-Oerlikon,Tribünengebäude und Restaurant «Rennbahnstübli»,27200792,1912,kantonal,,,-,,2683930.9224444,1251537.84362941,2683930.922,1251537.844
Zürich,Zürich,8008,Zollikerstrasse 32,"Zürich: Villa Bleuler, heute Schweizerisches Institut für Kunstwissenschaft SIK",Hauptgebäude,27301059,1885,regional,19810812,RRB Nr. 3048/1981 Liste Stadt Zürich,PD,19920429,2684355.90160457,1246318.82993821,2684355.902,1246318.83
Zürich,Zürich,8008,Kreuzbühlstrasse 38,"Zürich: Herrschaftssitz «Zum Schönbühl» mit Villa, Nebengebäuden und Park",Ökonomiegebäude II,27300533,1858,regional,19810812,RRB Nr. 3048/1981 Liste Stadt Zürich,ÖREB,19820316,2684170.90375478,1246620.8337523,2684170.904,1246620.834
Zürich,Zürich,,Freiestrasse 32; Freiestrasse 34; Rämistrasse 56,Zürich: Kantonsschulen Rämibühl,Literargymnasium LG/Realgymnasium RG,26901905,1967,kantonal,,,-,,2684175.90291727,1247338.83367783,2684175.903,1247338.834
Zürich,Zürich,8008,Lenggstrasse 47,"Zürich: Psychiatrische Klinik Burghölzli; Zürich: Psychiatrische Universitätsklinik PUK (Kantonale Heilanstalt Burghölzli) mit drei Ökonomiegebäuden ?(ehem. Holz- und Kohlenlager, Tierstallungen, Heubühnen, Pferdestallungen, Metzgerei), Wirtschaftstrakt u",Feuerwehrgebäude 1869,27300755,1869,kantonal,19810812,RRB Nr. 3048/1981 Liste Stadt Zürich,-,,2685492.88872604,1245415.80733075,2685492.889,1245415.807
Zürich,Zürich,8055,,Zürich/Uitikon/Schlieren: Sperrstelle 5053,Kleinunterstand A04963,,1,kantonal,,,-,,2679165.88671848,1246334.85989786,2679165.887,1246334.86
Stallikon,Uetliberg,8143,,,Standort der Uetliburg,,1,-,,,PD,19810120,2679478.87345847,1244861.84706235,2679478.874,1244861.847
Zürich,Zürich,8003,Albisriederstrasse 31; Albisriederstrasse 31a; Albisriederstrasse 33; Albisriederstrasse 33a; Albisriederstrasse 35,"Zürich: Friedhof Sihlfeld A, B, C, D und E mit Hochbauten, Gartenanlage und Grabmäler bedeutender Persönlichkeiten",Leichenhaus und Abdankungshalle,27701989,1917,kantonal,19810812,RRB 3048/1981 Liste Stadt Zürich,-,,2680666.9026568,1247930.85305573,2680666.903,1247930.853
Zürich,Zürich,8003,Albisriederstrasse 31,"Zürich: Friedhof Sihlfeld A, B, C, D und E mit Hochbauten, Gartenanlage und Grabmäler bedeutender Persönlichkeiten",Gärtnerwohnhaus,27701989,1917,kantonal,19810812,RRB Nr. 3048/1981 Liste Stadt Zürich,-,,2680696.90259556,1247938.85273314,2680696.903,1247938.853
Zürich,Zürich,,Hardgutstrasse 9,Zürich: Schlachthof,Trafostation von 1917,26403108,1907,kantonal,19810812,RRB Nr. 3048/1981 Liste Stadt Zürich,-,,2680486.91177389,1248819.85563438,2680486.912,1248819.856
Zürich,Zürich,,Hardgutstrasse 1,Zürich: Schlachthof,"ehem. Lokomotivschuppen, heute Remise",26403228,1909,kantonal,19810812,RRB Nr. 3048/1981 Liste Stadt Zürich,-,,2680520.91236549,1248887.85565623,2680520.912,1248887.856
Zürich,Zürich,8004,Baslerstrasse 2; Herdernstrasse 59,Zürich: Schlachthof,"Wirtschaftsgebäude, heute Wohn- und Gasthaus",26403118,1907,kantonal,19810812,RRB Nr. 3048/1981 Liste Stadt Zürich,-,,2680590.90888765,1248620.85509617,2680590.909,1248620.855
Zürich,Zürich,8003,Aemtlerstrasse 155,"Zürich: Friedhof Sihlfeld A, B, C, D und E mit Hochbauten, Gartenanlage und Grabmäler bedeutender Persönlichkeiten","Ehem. Krematorium Sihlfeld A, heute Abdankungshalle",27700598,,kantonal,19810812,RRB Nr. 3048/1981 Liste Stadt Zürich,-,,2680794.89992996,1247598.85231212,2680794.9,1247598.852
Zürich,Zürich,8003,Aemtlerstrasse 175,"Zürich: Friedhof Sihlfeld A, B, C, D und E mit Hochbauten, Gartenanlage und Grabmäler bedeutender Persönlichkeiten",Ehem. Leichenhalle,27701308,,kantonal,19810812,RRB Nr. 3048/1981 Liste Stadt Zürich,-,,2680794.90125656,1247795.85197164,2680794.901,1247795.852
Zürich,Zürich,8002,Bluntschlisteig; Bürglistrasse 19,Zürich: ref. Kirchgemeinde Enge; Zürich: Pfarrhaus I und II der reformierten Kirchgemeinde Enge,Pfarrhaus Enge I,26500760,1894,kantonal,19810812,RRB Nr. 3048/1981 Liste Stadt Zürich,-,,2682396.88714496,1246268.83794013,2682396.887,1246268.838
Zürich,Zürich,8002,Brandschenkestrasse 125,"Zürich: Kantonsschule Freudenberg; Zürich: Kantonsschule Freudenberg, Schulgebäude und Aula",Aula,26500500,1957,kantonal,,,-,,2682232.88901475,1246663.83905703,2682232.889,1246663.839
Zürich,Zürich,8004,Werdstrasse 63,,"Kirche, kath. St. Peter und Paul",26400678,,regional,19810812,RRB Nr. 3048/1981 Liste Stadt Zürich,PD,19810520,2682244.89316455,1247407.83791147,2682244.893,1247407.838
Zürich,Zürich,8002,Beethovenstrasse 1; Beethovenstrasse 3; Beethovenstrasse 5; Beethovenstrasse 7; Beethovenstrasse 7a; General-Guisan-Quai 22; Stockerstrasse 4; Stockerstrasse 6; Stockerstrasse 8; General Guisan-Quai 20,,Rotes Schloss,26500640,1891,kantonal,19810812,RRB Nr. 3048/1981 Liste Stadt Zürich,ÖREB,20140425,2683000.89173702,1246597.83470513,2683000.892,1246597.835
Zürich,Zürich,8001,Bahnhofstrasse 2; Börsenstrasse 15; Börsenstrasse 17,,Schweizerische Nationalbank,28101880,1919,kantonal,19810812,RRB Nr. 3048/1981 Liste Stadt Zürich,-,,2683214.89545803,1246916.83439215,2683214.896,1246916.834
Zürich,Zürich,8001,Münsterhof 2,,Ref. Kirche «Fraumünster»,28101923,,kantonal,19810812,RRB Nr. 3048/1981 Liste Stadt Zürich,PD,19850225,2683266.89566996,1247136.83442775,2683266.896,1247136.834
Zürich,Zürich,8001,Bahnhofquai 5; Beatenplatz 1,Zürich: Amtshäuser I-IV/Sternwarte «Urania» mit Geschäftshaus,Amtshaus II,28101847,1904,kantonal,19810812,RRB Nr. 3048/1981 Liste Stadt Zürich,-,,2683266.89488693,1247804.83442731,2683266.895,1247804.834
Zürich,Zürich,8008,Höschgasse 8,,Centre le Corbusier,27300365,1965,kantonal,20140411,"BDV Nr. 4020/2014, Unterschutzstellung",ÖREB,20140707,2684029.89389956,1245625.82960207,2684029.894,1245625.83
Zürich,Zürich,8008,Utoquai 45,,Hotel Eden au Lac,27301680,1908,regional,19810812,RRB Nr. 3048/1981 Liste Stadt Zürich,ÖREB,19810529,2683748.8995245,1246356.83506062,2683748.9,1246356.835
Zürich,Zürich,8001,Waldmannstrasse 4,Zürich: Überbauung Heinrich Ernst 1883/1889 Rämistrasse,Geschäftshaus,28100968,1887,regional,19810812,RRB Nr. 3048/1981 Liste Stadt Zürich,-,,2683695.89971125,1246995.83472277,2683695.9,1246995.835
Zürich,Zürich,8032,Steinwiesstrasse 1; Zeltweg 11; Zeltweg 13; Zeltweg 15; Zeltweg 9; Zeltweg 7,Zürich: Escherhäuser,Voredere Escherhäuser,26900180,1836,regional,19810812,RRB Nr. 3048/1981 Liste Stadt Zürich,-,,2683927.90166554,1247116.83488218,2683927.902,1247116.835
Zürich,Zürich,8001,Marktgasse 20,,Zunfthaus «Zur Schmiden»,28100359,,kantonal,19810812,RRB Nr. 3048/1981 Liste Stadt Zürich,PD,19800703,2683474.89723157,1247407.83457056,2683474.897,1247407.835
Zürich,Zürich,8001,Hirschengraben 56; Hirschengraben 58; Hirschengraben 60,,"Herrschaftssitz  Zum Neuberg, grosser und kleiner Neuberg mit Ökonomiegebäude",28100662,1733,kantonal,19810812,RRB Nr. 3048/1981 Liste Stadt Zürich,-,,2683639.89837772,1247701.8346838,2683639.898,1247701.835
Zürich,Zürich,8001,Florhofgasse 2,,Barockpalais Unterer Schönenberg,28100681,1,regional,19810812,RRB Nr. 3048/1981 Liste Stadt Zürich,-,,2683878.90086764,1247419.83484829,2683878.901,1247419.835
Zürich,Zürich,8001,Leonhardstrasse 16,Zürich: Altersheime St. Leonhard,Bürgerasyl,28100898,1875,regional,,,-,,2683598.89758412,1248062.83465537,2683598.898,1248062.835
Zürich,Oerlikon,8050,Dörflistrasse 90c bei,Zürich: Offene Rennbahn Zürich-Oerlikon,Unterführung,,1,kantonal,,,-,,2683925.92291671,1251593.84382816,2683925.923,1251593.844
Zürich,Zürich,8052,Seebacherstrasse 3,,"Kirche, kath. Maria Lourdes mit Pfarrhaus und Kirchgemeindezentrum",27500940,1935,kantonal,19810812,RRB Nr. 3048/1981 Liste Stadt Zürich,PD,19850704,2683656.93299186,1252689.8415371,2683656.933,1252689.841
Zürich,Zürich,8032,Böcklinstrasse 17,,Böcklinatelier,26700602,1885,kantonal,19810812,RRB Nr. 3048/1981 Liste Stadt Zürich,PD,19880129,2684729.90077178,1246534.8233699,2684729.901,1246534.823
Zürich,Zürich,8032,Neptunstrasse 68,,"Kirche, kath. St. Antonius",26901176,1908,kantonal,19810812,RRB Nr. 3048/1981 Liste Stadt Zürich,PD,19840210,2684501.90323423,1246693.82795711,2684501.903,1246693.828
Zürich,Zürich,8044,Zürichbergstrasse 75,Zürich: Vorderberg Fluntern,Näegelihus,26600033,1800,-,,,PD,19700910,2684670.9020376,1247880.82512,2684670.902,1247880.825
Zürich,Zürich,8032,Doldertal 19,Zürich: Doldertalhäuser,Wohnhaus Doldertal 19,26901751,1932,kantonal,19810812,RRB Nr. 3048/1981 Liste Stadt Zürich,-,,2685079.90221883,1247547.81803585,2685079.902,1247547.818
Opfikon,Glattbrugg,8152,Oberhauserstrasse 53,Opfikon: Oberstufenschulanlage Halden,Trakt B/Schulpavillon 1 von 1954,6600744,1954,regional,,,-,,2685309.94220621,1253918.8250145,2685309.942,1253918.825
Opfikon,Glattbrugg,8152,Oberhauserstrasse 45,Opfikon: Oberstufenschulanlage Halden,Trakt E/Kindergarten von 1959-1961,6600998,1959,regional,,,-,,2685273.94303535,1253993.82505042,2685273.943,1253993.825
