"SteuerJahr","KreisSort","KreisLang","SteuerTarifSort","SteuerTarifLang","SteuerEInkommen_p50","SteuerEinkommen_p25","SteuerEinkommen_p75"
1999,10,"Kreis 1",0,"Grundtarif",37.6,17,64.7
1999,10,"Kreis 1",1,"Verheiratetentarif",83.4,52,130.2
1999,10,"Kreis 1",2,"Einelternfamilientarif",46.6,25.7,87
1999,20,"Kreis 2",0,"Grundtarif",37.8,19.8,58.1
1999,20,"Kreis 2",1,"Verheiratetentarif",69.7,49,101.4
1999,20,"Kreis 2",2,"Einelternfamilientarif",39.15,21.75,58.9
1999,30,"Kreis 3",0,"Grundtarif",32.8,17.5,50
1999,30,"Kreis 3",1,"Verheiratetentarif",58.9,40.3,80
1999,30,"Kreis 3",2,"Einelternfamilientarif",32.95,17.9,45.75
1999,40,"Kreis 4",0,"Grundtarif",29,14.7,46.1
1999,40,"Kreis 4",1,"Verheiratetentarif",51.6,34.8,70.8
1999,40,"Kreis 4",2,"Einelternfamilientarif",30.1,14.3,44.8
1999,50,"Kreis 5",0,"Grundtarif",32.8,16.3,50
1999,50,"Kreis 5",1,"Verheiratetentarif",54,37,74
1999,50,"Kreis 5",2,"Einelternfamilientarif",30.35,16.8,47
1999,60,"Kreis 6",0,"Grundtarif",38,19.3,59.4
1999,60,"Kreis 6",1,"Verheiratetentarif",69.9,48.4,104.1
1999,60,"Kreis 6",2,"Einelternfamilientarif",37.1,21.6,58.85
1999,70,"Kreis 7",0,"Grundtarif",41.6,18.1,66.1
1999,70,"Kreis 7",1,"Verheiratetentarif",90.6,58.3,149.2
1999,70,"Kreis 7",2,"Einelternfamilientarif",45.6,25.9,72.8
1999,80,"Kreis 8",0,"Grundtarif",40.7,20,62.6
1999,80,"Kreis 8",1,"Verheiratetentarif",77.1,50.7,120
1999,80,"Kreis 8",2,"Einelternfamilientarif",40.9,23.5,60
1999,90,"Kreis 9",0,"Grundtarif",33.9,18.9,50
1999,90,"Kreis 9",1,"Verheiratetentarif",59.1,44,80.4
1999,90,"Kreis 9",2,"Einelternfamilientarif",33.9,18,46.9
1999,100,"Kreis 10",0,"Grundtarif",38.4,20,57.3
1999,100,"Kreis 10",1,"Verheiratetentarif",69,49.5,98.4
1999,100,"Kreis 10",2,"Einelternfamilientarif",37.6,20.6,54.1
1999,110,"Kreis 11",0,"Grundtarif",33.8,18.4,50
1999,110,"Kreis 11",1,"Verheiratetentarif",60,42.1,81.8
1999,110,"Kreis 11",2,"Einelternfamilientarif",33.9,19.6,49
1999,120,"Kreis 12",0,"Grundtarif",28.3,15.6,43
1999,120,"Kreis 12",1,"Verheiratetentarif",55,40,72.1
1999,120,"Kreis 12",2,"Einelternfamilientarif",30.3,15,42.7
2000,10,"Kreis 1",0,"Grundtarif",40,17.8,68.7
2000,10,"Kreis 1",1,"Verheiratetentarif",89.7,54.4,140.6
2000,10,"Kreis 1",2,"Einelternfamilientarif",53.5,26.8,92
2000,20,"Kreis 2",0,"Grundtarif",39.1,20,60.6
2000,20,"Kreis 2",1,"Verheiratetentarif",72.5,51.1,106.5
2000,20,"Kreis 2",2,"Einelternfamilientarif",40.75,23,59.45
2000,30,"Kreis 3",0,"Grundtarif",34.6,18.4,52.2
2000,30,"Kreis 3",1,"Verheiratetentarif",60.25,41.9,82.1
2000,30,"Kreis 3",2,"Einelternfamilientarif",33.6,17.3,48.3
2000,40,"Kreis 4",0,"Grundtarif",30.2,15.4,48.5
2000,40,"Kreis 4",1,"Verheiratetentarif",53.8,36,72
2000,40,"Kreis 4",2,"Einelternfamilientarif",31.7,14.3,46.1
2000,50,"Kreis 5",0,"Grundtarif",35,18.2,53.7
2000,50,"Kreis 5",1,"Verheiratetentarif",56.5,40.1,77.2
2000,50,"Kreis 5",2,"Einelternfamilientarif",33.8,20.3,45.9
2000,60,"Kreis 6",0,"Grundtarif",39.6,20,61.9
2000,60,"Kreis 6",1,"Verheiratetentarif",74.3,50.9,112.1
2000,60,"Kreis 6",2,"Einelternfamilientarif",39.9,22.6,58
2000,70,"Kreis 7",0,"Grundtarif",43.2,19.2,69.6
2000,70,"Kreis 7",1,"Verheiratetentarif",97.5,61,164.6
2000,70,"Kreis 7",2,"Einelternfamilientarif",50.05,29.1,81.85
2000,80,"Kreis 8",0,"Grundtarif",43.4,21.3,66.8
2000,80,"Kreis 8",1,"Verheiratetentarif",83.4,55.6,129.6
2000,80,"Kreis 8",2,"Einelternfamilientarif",44.2,23.3,66
2000,90,"Kreis 9",0,"Grundtarif",35,19.7,51.7
2000,90,"Kreis 9",1,"Verheiratetentarif",61.2,45.4,83.3
2000,90,"Kreis 9",2,"Einelternfamilientarif",34,18.5,48
2000,100,"Kreis 10",0,"Grundtarif",40,20.6,59.9
2000,100,"Kreis 10",1,"Verheiratetentarif",72.1,51,103.4
2000,100,"Kreis 10",2,"Einelternfamilientarif",38.9,22.9,54.9
2000,110,"Kreis 11",0,"Grundtarif",34.9,18.7,51.9
2000,110,"Kreis 11",1,"Verheiratetentarif",61.9,44.2,84.6
2000,110,"Kreis 11",2,"Einelternfamilientarif",35.8,20.1,52.1
2000,120,"Kreis 12",0,"Grundtarif",29.8,16.4,44.5
2000,120,"Kreis 12",1,"Verheiratetentarif",56.6,40.8,74.4
2000,120,"Kreis 12",2,"Einelternfamilientarif",30.6,15.6,44.1
2001,10,"Kreis 1",0,"Grundtarif",41.9,17.6,72.3
2001,10,"Kreis 1",1,"Verheiratetentarif",94.35,57.1,153.2
2001,10,"Kreis 1",2,"Einelternfamilientarif",54,32,106.7
2001,20,"Kreis 2",0,"Grundtarif",40.6,20.8,63.5
2001,20,"Kreis 2",1,"Verheiratetentarif",75.6,52.8,111.8
2001,20,"Kreis 2",2,"Einelternfamilientarif",42,24.5,63.8
2001,30,"Kreis 3",0,"Grundtarif",35.9,19.5,54.4
2001,30,"Kreis 3",1,"Verheiratetentarif",62.3,43.4,85.1
2001,30,"Kreis 3",2,"Einelternfamilientarif",35.6,19.1,50.8
2001,40,"Kreis 4",0,"Grundtarif",32.1,16.9,50.3
2001,40,"Kreis 4",1,"Verheiratetentarif",55.3,37,73.8
2001,40,"Kreis 4",2,"Einelternfamilientarif",33.7,16.2,47.3
2001,50,"Kreis 5",0,"Grundtarif",36.8,18.6,56.4
2001,50,"Kreis 5",1,"Verheiratetentarif",58.8,41.5,79.2
2001,50,"Kreis 5",2,"Einelternfamilientarif",35.3,20,49.25
2001,60,"Kreis 6",0,"Grundtarif",41.1,20.7,64.7
2001,60,"Kreis 6",1,"Verheiratetentarif",77.6,52.65,119.95
2001,60,"Kreis 6",2,"Einelternfamilientarif",41.8,24.45,61.6
2001,70,"Kreis 7",0,"Grundtarif",44.6,20,71.6
2001,70,"Kreis 7",1,"Verheiratetentarif",101,63.4,167.8
2001,70,"Kreis 7",2,"Einelternfamilientarif",52.05,30.4,83.1
2001,80,"Kreis 8",0,"Grundtarif",45.1,22.4,69.3
2001,80,"Kreis 8",1,"Verheiratetentarif",86.2,58.1,138.7
2001,80,"Kreis 8",2,"Einelternfamilientarif",50.5,27.95,76.4
2001,90,"Kreis 9",0,"Grundtarif",36.6,20.2,53.6
2001,90,"Kreis 9",1,"Verheiratetentarif",63.4,46.6,85.9
2001,90,"Kreis 9",2,"Einelternfamilientarif",36.3,20,50
2001,100,"Kreis 10",0,"Grundtarif",42,21.6,62.5
2001,100,"Kreis 10",1,"Verheiratetentarif",74.8,53.7,107.7
2001,100,"Kreis 10",2,"Einelternfamilientarif",40.5,25,59
2001,110,"Kreis 11",0,"Grundtarif",36,19.5,54
2001,110,"Kreis 11",1,"Verheiratetentarif",64.2,45.3,88.3
2001,110,"Kreis 11",2,"Einelternfamilientarif",36.9,21.2,53.7
2001,120,"Kreis 12",0,"Grundtarif",30.8,16.9,45.8
2001,120,"Kreis 12",1,"Verheiratetentarif",58.8,42.4,76.8
2001,120,"Kreis 12",2,"Einelternfamilientarif",32.3,16.7,46.1
2002,10,"Kreis 1",0,"Grundtarif",41.6,17.9,72.2
2002,10,"Kreis 1",1,"Verheiratetentarif",92.1,56.4,153.2
2002,10,"Kreis 1",2,"Einelternfamilientarif",54.5,28.8,110.2
2002,20,"Kreis 2",0,"Grundtarif",40.5,20.1,62.9
2002,20,"Kreis 2",1,"Verheiratetentarif",75.6,52.8,112.4
2002,20,"Kreis 2",2,"Einelternfamilientarif",43.7,24.7,65.7
2002,30,"Kreis 3",0,"Grundtarif",36.035,18.8,54.9
2002,30,"Kreis 3",1,"Verheiratetentarif",61.9,42.8,85.4
2002,30,"Kreis 3",2,"Einelternfamilientarif",36.2,20.3,52.6
2002,40,"Kreis 4",0,"Grundtarif",31.9,15.9,50.4
2002,40,"Kreis 4",1,"Verheiratetentarif",55.3,36.9,74.35
2002,40,"Kreis 4",2,"Einelternfamilientarif",32.95,16.1,48.6
2002,50,"Kreis 5",0,"Grundtarif",37.6,19.4,57.4
2002,50,"Kreis 5",1,"Verheiratetentarif",59.6,39.7,81.7
2002,50,"Kreis 5",2,"Einelternfamilientarif",36.45,22.35,49.45
2002,60,"Kreis 6",0,"Grundtarif",41.6,21,65.3
2002,60,"Kreis 6",1,"Verheiratetentarif",78.4,53.5,119.3
2002,60,"Kreis 6",2,"Einelternfamilientarif",43.4,25.6,66.2
2002,70,"Kreis 7",0,"Grundtarif",44.7,20,72.3
2002,70,"Kreis 7",1,"Verheiratetentarif",101,63,166.3
2002,70,"Kreis 7",2,"Einelternfamilientarif",54.9,34,89.2
2002,80,"Kreis 8",0,"Grundtarif",44.7,21.5,69.9
2002,80,"Kreis 8",1,"Verheiratetentarif",87.35,57.85,136.05
2002,80,"Kreis 8",2,"Einelternfamilientarif",49.7,26.3,75.8
2002,90,"Kreis 9",0,"Grundtarif",36.5,20,53.5
2002,90,"Kreis 9",1,"Verheiratetentarif",63.5,46.9,85.5
2002,90,"Kreis 9",2,"Einelternfamilientarif",37.3,21,51.4
2002,100,"Kreis 10",0,"Grundtarif",42.4,21.2,62.9
2002,100,"Kreis 10",1,"Verheiratetentarif",74.4,53,107.4
2002,100,"Kreis 10",2,"Einelternfamilientarif",43.15,25.35,61.25
2002,110,"Kreis 11",0,"Grundtarif",36.4,18.9,54.2
2002,110,"Kreis 11",1,"Verheiratetentarif",64.3,45.3,87.8
2002,110,"Kreis 11",2,"Einelternfamilientarif",37,20.05,55.2
2002,120,"Kreis 12",0,"Grundtarif",30.8,16.3,45.9
2002,120,"Kreis 12",1,"Verheiratetentarif",58.4,41.9,76.3
2002,120,"Kreis 12",2,"Einelternfamilientarif",33.5,17.25,45.9
2003,10,"Kreis 1",0,"Grundtarif",42,16.9,73.4
2003,10,"Kreis 1",1,"Verheiratetentarif",90.35,53.5,151
2003,10,"Kreis 1",2,"Einelternfamilientarif",52.3,30.3,97.8
2003,20,"Kreis 2",0,"Grundtarif",40.3,20.1,62.5
2003,20,"Kreis 2",1,"Verheiratetentarif",75.3,52.4,111.1
2003,20,"Kreis 2",2,"Einelternfamilientarif",43,23.3,68.9
2003,30,"Kreis 3",0,"Grundtarif",36,18.7,54.8
2003,30,"Kreis 3",1,"Verheiratetentarif",61.4,42.2,83.6
2003,30,"Kreis 3",2,"Einelternfamilientarif",36.15,20,51.9
2003,40,"Kreis 4",0,"Grundtarif",32.3,16,50.3
2003,40,"Kreis 4",1,"Verheiratetentarif",54.8,36.35,74.05
2003,40,"Kreis 4",2,"Einelternfamilientarif",32.8,16,47.1
2003,50,"Kreis 5",0,"Grundtarif",38.7,19.2,58.5
2003,50,"Kreis 5",1,"Verheiratetentarif",59.6,40.2,79.9
2003,50,"Kreis 5",2,"Einelternfamilientarif",35.9,19.7,51
2003,60,"Kreis 6",0,"Grundtarif",41.8,20.9,65
2003,60,"Kreis 6",1,"Verheiratetentarif",78.55,53.3,120.7
2003,60,"Kreis 6",2,"Einelternfamilientarif",42.65,25.5,67.4
2003,70,"Kreis 7",0,"Grundtarif",44.7,19,72.4
2003,70,"Kreis 7",1,"Verheiratetentarif",99.8,63.9,168.55
2003,70,"Kreis 7",2,"Einelternfamilientarif",54.1,31.2,89.5
2003,80,"Kreis 8",0,"Grundtarif",45.4,21.5,70
2003,80,"Kreis 8",1,"Verheiratetentarif",88.05,57,137.2
2003,80,"Kreis 8",2,"Einelternfamilientarif",50.1,27.9,70.4
2003,90,"Kreis 9",0,"Grundtarif",36.6,20,53.6
2003,90,"Kreis 9",1,"Verheiratetentarif",62.6,46.25,85.15
2003,90,"Kreis 9",2,"Einelternfamilientarif",36.9,21,51.3
2003,100,"Kreis 10",0,"Grundtarif",42.2,21.3,62.6
2003,100,"Kreis 10",1,"Verheiratetentarif",74.3,52.8,107.1
2003,100,"Kreis 10",2,"Einelternfamilientarif",42.7,24.9,60.3
2003,110,"Kreis 11",0,"Grundtarif",36.3,18.8,54.2
2003,110,"Kreis 11",1,"Verheiratetentarif",64,44.9,88.3
2003,110,"Kreis 11",2,"Einelternfamilientarif",36.7,20,52.7
2003,120,"Kreis 12",0,"Grundtarif",30.8,16.3,45.5
2003,120,"Kreis 12",1,"Verheiratetentarif",58.3,41.7,75.6
2003,120,"Kreis 12",2,"Einelternfamilientarif",31.8,17.2,45.9
2004,10,"Kreis 1",0,"Grundtarif",40.6,16.1,73.4
2004,10,"Kreis 1",1,"Verheiratetentarif",95.8,59.3,152.7
2004,10,"Kreis 1",2,"Einelternfamilientarif",55.15,32.3,98
2004,20,"Kreis 2",0,"Grundtarif",40,19.5,62.6
2004,20,"Kreis 2",1,"Verheiratetentarif",76.1,51.7,114
2004,20,"Kreis 2",2,"Einelternfamilientarif",42.75,24.3,66.5
2004,30,"Kreis 3",0,"Grundtarif",35.9,18.1,55.1
2004,30,"Kreis 3",1,"Verheiratetentarif",61,41,85.2
2004,30,"Kreis 3",2,"Einelternfamilientarif",37,20,53.5
2004,40,"Kreis 4",0,"Grundtarif",31.8,15.5,50.9
2004,40,"Kreis 4",1,"Verheiratetentarif",52.9,34.5,72.45
2004,40,"Kreis 4",2,"Einelternfamilientarif",31.9,14.7,49.6
2004,50,"Kreis 5",0,"Grundtarif",39.3,18.2,59.1
2004,50,"Kreis 5",1,"Verheiratetentarif",59.5,40.3,82.8
2004,50,"Kreis 5",2,"Einelternfamilientarif",36.2,16.4,51.4
2004,60,"Kreis 6",0,"Grundtarif",42.1,20.5,65.7
2004,60,"Kreis 6",1,"Verheiratetentarif",78.55,52.9,121.6
2004,60,"Kreis 6",2,"Einelternfamilientarif",45.6,25.9,70.6
2004,70,"Kreis 7",0,"Grundtarif",44.3,19.1,72.5
2004,70,"Kreis 7",1,"Verheiratetentarif",101.2,63.2,173.5
2004,70,"Kreis 7",2,"Einelternfamilientarif",57.55,32.9,92.25
2004,80,"Kreis 8",0,"Grundtarif",44.8,20.4,70
2004,80,"Kreis 8",1,"Verheiratetentarif",87.5,57.45,139.4
2004,80,"Kreis 8",2,"Einelternfamilientarif",48.8,30,71.4
2004,90,"Kreis 9",0,"Grundtarif",36.2,19.3,53.4
2004,90,"Kreis 9",1,"Verheiratetentarif",62.5,45.3,85.4
2004,90,"Kreis 9",2,"Einelternfamilientarif",36.35,20.8,51.95
2004,100,"Kreis 10",0,"Grundtarif",41.9,20.7,62.1
2004,100,"Kreis 10",1,"Verheiratetentarif",74.4,52.3,108.7
2004,100,"Kreis 10",2,"Einelternfamilientarif",42.55,25.6,60.45
2004,110,"Kreis 11",0,"Grundtarif",35.9,18.1,54.2
2004,110,"Kreis 11",1,"Verheiratetentarif",64.1,44.2,88.6
2004,110,"Kreis 11",2,"Einelternfamilientarif",36.45,18.3,53.6
2004,120,"Kreis 12",0,"Grundtarif",30.2,15.7,45
2004,120,"Kreis 12",1,"Verheiratetentarif",57.4,40.5,75.6
2004,120,"Kreis 12",2,"Einelternfamilientarif",31.6,16.2,45.1
2005,10,"Kreis 1",0,"Grundtarif",42.7,16.8,75
2005,10,"Kreis 1",1,"Verheiratetentarif",98.45,61.5,159.7
2005,10,"Kreis 1",2,"Einelternfamilientarif",48.65,28.5,85
2005,20,"Kreis 2",0,"Grundtarif",40.4,19.6,63.5
2005,20,"Kreis 2",1,"Verheiratetentarif",77.25,52.5,117.7
2005,20,"Kreis 2",2,"Einelternfamilientarif",43,23.7,68.45
2005,30,"Kreis 3",0,"Grundtarif",36.6,18.2,56.2
2005,30,"Kreis 3",1,"Verheiratetentarif",60.7,41.05,85.25
2005,30,"Kreis 3",2,"Einelternfamilientarif",37.6,19.4,54.5
2005,40,"Kreis 4",0,"Grundtarif",32.45,15.4,51.8
2005,40,"Kreis 4",1,"Verheiratetentarif",52.4,33.6,73
2005,40,"Kreis 4",2,"Einelternfamilientarif",30.05,11.3,46.65
2005,50,"Kreis 5",0,"Grundtarif",39.7,19.5,60.7
2005,50,"Kreis 5",1,"Verheiratetentarif",58.3,39.4,83.2
2005,50,"Kreis 5",2,"Einelternfamilientarif",39.9,23.9,54.9
2005,60,"Kreis 6",0,"Grundtarif",42.8,21,66.9
2005,60,"Kreis 6",1,"Verheiratetentarif",79.8,53.1,124.9
2005,60,"Kreis 6",2,"Einelternfamilientarif",43.7,25.4,66.5
2005,70,"Kreis 7",0,"Grundtarif",45.5,19.4,73.3
2005,70,"Kreis 7",1,"Verheiratetentarif",105.3,64.2,179.4
2005,70,"Kreis 7",2,"Einelternfamilientarif",55.95,34.15,90
2005,80,"Kreis 8",0,"Grundtarif",45.8,20.9,71.5
2005,80,"Kreis 8",1,"Verheiratetentarif",91.6,58.4,140.1
2005,80,"Kreis 8",2,"Einelternfamilientarif",49.85,29.65,76.55
2005,90,"Kreis 9",0,"Grundtarif",35.9,18.8,53.9
2005,90,"Kreis 9",1,"Verheiratetentarif",62.8,45,85.7
2005,90,"Kreis 9",2,"Einelternfamilientarif",36.1,20,53.3
2005,100,"Kreis 10",0,"Grundtarif",42.15,20.8,63.1
2005,100,"Kreis 10",1,"Verheiratetentarif",75.5,52.9,112.5
2005,100,"Kreis 10",2,"Einelternfamilientarif",43.2,25.9,62.8
2005,110,"Kreis 11",0,"Grundtarif",36.1,18.2,55
2005,110,"Kreis 11",1,"Verheiratetentarif",64.4,44.4,88.8
2005,110,"Kreis 11",2,"Einelternfamilientarif",35.3,16.8,51.9
2005,120,"Kreis 12",0,"Grundtarif",29.9,15,45
2005,120,"Kreis 12",1,"Verheiratetentarif",56.7,39.3,75
2005,120,"Kreis 12",2,"Einelternfamilientarif",31.1,13.5,45.9
2006,10,"Kreis 1",0,"Grundtarif",43.3,17.3,75.85
2006,10,"Kreis 1",1,"Verheiratetentarif",102.1,61,164.2
2006,10,"Kreis 1",2,"Einelternfamilientarif",47.6,23.6,97.4
2006,20,"Kreis 2",0,"Grundtarif",41.1,20,64.9
2006,20,"Kreis 2",1,"Verheiratetentarif",76.15,52.3,118.25
2006,20,"Kreis 2",2,"Einelternfamilientarif",40,22.6,65.8
2006,30,"Kreis 3",0,"Grundtarif",37.8,18.8,58
2006,30,"Kreis 3",1,"Verheiratetentarif",59.8,38.9,85.9
2006,30,"Kreis 3",2,"Einelternfamilientarif",35.05,17.8,51.7
2006,40,"Kreis 4",0,"Grundtarif",33.2,15.8,53.1
2006,40,"Kreis 4",1,"Verheiratetentarif",50.2,31.3,71
2006,40,"Kreis 4",2,"Einelternfamilientarif",29.3,10.8,47
2006,50,"Kreis 5",0,"Grundtarif",40.7,20,63.3
2006,50,"Kreis 5",1,"Verheiratetentarif",58.4,39,82.7
2006,50,"Kreis 5",2,"Einelternfamilientarif",36.2,19,55.4
2006,60,"Kreis 6",0,"Grundtarif",43,21.3,68.2
2006,60,"Kreis 6",1,"Verheiratetentarif",81.5,53.5,127.3
2006,60,"Kreis 6",2,"Einelternfamilientarif",40.8,24.6,66.3
2006,70,"Kreis 7",0,"Grundtarif",46,19.9,75.3
2006,70,"Kreis 7",1,"Verheiratetentarif",107.3,65,182.3
2006,70,"Kreis 7",2,"Einelternfamilientarif",55.2,33.8,90
2006,80,"Kreis 8",0,"Grundtarif",47.1,21.4,73.4
2006,80,"Kreis 8",1,"Verheiratetentarif",92.5,58.8,151.7
2006,80,"Kreis 8",2,"Einelternfamilientarif",46.85,29.75,71.35
2006,90,"Kreis 9",0,"Grundtarif",36.7,19.2,54.9
2006,90,"Kreis 9",1,"Verheiratetentarif",61.6,43,85.3
2006,90,"Kreis 9",2,"Einelternfamilientarif",33.75,18.1,51.9
2006,100,"Kreis 10",0,"Grundtarif",43.1,21.7,64.6
2006,100,"Kreis 10",1,"Verheiratetentarif",75.65,51.75,112.4
2006,100,"Kreis 10",2,"Einelternfamilientarif",40.6,23.35,60
2006,110,"Kreis 11",0,"Grundtarif",36.7,18.3,56.3
2006,110,"Kreis 11",1,"Verheiratetentarif",63,42.1,89.1
2006,110,"Kreis 11",2,"Einelternfamilientarif",34.4,15,51.6
2006,120,"Kreis 12",0,"Grundtarif",30,15.1,45.4
2006,120,"Kreis 12",1,"Verheiratetentarif",55.05,36.95,74.7
2006,120,"Kreis 12",2,"Einelternfamilientarif",28.55,7.8,41.95
2007,10,"Kreis 1",0,"Grundtarif",45,17.5,81
2007,10,"Kreis 1",1,"Verheiratetentarif",106.5,60.9,176.5
2007,10,"Kreis 1",2,"Einelternfamilientarif",48.9,24.5,83.6
2007,20,"Kreis 2",0,"Grundtarif",42.5,20.8,67.5
2007,20,"Kreis 2",1,"Verheiratetentarif",80.6,54,126.2
2007,20,"Kreis 2",2,"Einelternfamilientarif",41.65,23.75,69.7
2007,30,"Kreis 3",0,"Grundtarif",39.6,20,60.2
2007,30,"Kreis 3",1,"Verheiratetentarif",61.8,40,89.4
2007,30,"Kreis 3",2,"Einelternfamilientarif",35.8,19.5,54.9
2007,40,"Kreis 4",0,"Grundtarif",34.4,16.7,55
2007,40,"Kreis 4",1,"Verheiratetentarif",52,32.9,74.5
2007,40,"Kreis 4",2,"Einelternfamilientarif",29.35,9.5,45.55
2007,50,"Kreis 5",0,"Grundtarif",43.1,21.2,65.7
2007,50,"Kreis 5",1,"Verheiratetentarif",60,39.1,85.9
2007,50,"Kreis 5",2,"Einelternfamilientarif",36.75,17.7,57.3
2007,60,"Kreis 6",0,"Grundtarif",45,22.15,70.95
2007,60,"Kreis 6",1,"Verheiratetentarif",83.3,54.9,133.2
2007,60,"Kreis 6",2,"Einelternfamilientarif",45.6,27.5,72.4
2007,70,"Kreis 7",0,"Grundtarif",48.2,20.3,80
2007,70,"Kreis 7",1,"Verheiratetentarif",111.5,68.4,188.8
2007,70,"Kreis 7",2,"Einelternfamilientarif",57.35,34.3,100.2
2007,80,"Kreis 8",0,"Grundtarif",49.7,22.3,79.6
2007,80,"Kreis 8",1,"Verheiratetentarif",94.6,61.6,157.5
2007,80,"Kreis 8",2,"Einelternfamilientarif",50.25,30,78
2007,90,"Kreis 9",0,"Grundtarif",38.2,20,56.9
2007,90,"Kreis 9",1,"Verheiratetentarif",64.2,44.5,89.15
2007,90,"Kreis 9",2,"Einelternfamilientarif",36.05,19.1,53.45
2007,100,"Kreis 10",0,"Grundtarif",44.5,22.6,66.8
2007,100,"Kreis 10",1,"Verheiratetentarif",79.2,54.5,118.6
2007,100,"Kreis 10",2,"Einelternfamilientarif",42.7,24.3,61.75
2007,110,"Kreis 11",0,"Grundtarif",38.2,19.3,58.5
2007,110,"Kreis 11",1,"Verheiratetentarif",65.3,43.9,92.2
2007,110,"Kreis 11",2,"Einelternfamilientarif",33.6,16.25,52.1
2007,120,"Kreis 12",0,"Grundtarif",30.9,15.8,46.5
2007,120,"Kreis 12",1,"Verheiratetentarif",56.8,38,76.2
2007,120,"Kreis 12",2,"Einelternfamilientarif",29.3,10,44.2
2008,10,"Kreis 1",0,"Grundtarif",47.3,18.4,86.7
2008,10,"Kreis 1",1,"Verheiratetentarif",115.5,64.9,185
2008,10,"Kreis 1",2,"Einelternfamilientarif",51.6,27.3,93.2
2008,20,"Kreis 2",0,"Grundtarif",44.4,21.6,70.2
2008,20,"Kreis 2",1,"Verheiratetentarif",84.95,55.8,133.6
2008,20,"Kreis 2",2,"Einelternfamilientarif",44.85,24.3,68.4
2008,30,"Kreis 3",0,"Grundtarif",40.4,20,62.6
2008,30,"Kreis 3",1,"Verheiratetentarif",64.2,41.7,93.3
2008,30,"Kreis 3",2,"Einelternfamilientarif",37.5,20,56.4
2008,40,"Kreis 4",0,"Grundtarif",36.2,17.6,58.1
2008,40,"Kreis 4",1,"Verheiratetentarif",53.6,34.2,76.7
2008,40,"Kreis 4",2,"Einelternfamilientarif",30,12.6,46.6
2008,50,"Kreis 5",0,"Grundtarif",44.9,22,68.5
2008,50,"Kreis 5",1,"Verheiratetentarif",62,40.6,91.3
2008,50,"Kreis 5",2,"Einelternfamilientarif",39.3,17.3,64.3
2008,60,"Kreis 6",0,"Grundtarif",47,22.4,73.9
2008,60,"Kreis 6",1,"Verheiratetentarif",87.9,57.3,142
2008,60,"Kreis 6",2,"Einelternfamilientarif",48.4,29.3,75.9
2008,70,"Kreis 7",0,"Grundtarif",49.5,21,83.2
2008,70,"Kreis 7",1,"Verheiratetentarif",118.05,70.5,201.3
2008,70,"Kreis 7",2,"Einelternfamilientarif",61.7,37.6,101.4
2008,80,"Kreis 8",0,"Grundtarif",51.7,23.3,83.4
2008,80,"Kreis 8",1,"Verheiratetentarif",101.6,64.8,169.7
2008,80,"Kreis 8",2,"Einelternfamilientarif",50,31.7,80.2
2008,90,"Kreis 9",0,"Grundtarif",39.9,20.5,59.6
2008,90,"Kreis 9",1,"Verheiratetentarif",66.3,45.7,92.4
2008,90,"Kreis 9",2,"Einelternfamilientarif",38.1,20.3,55.4
2008,100,"Kreis 10",0,"Grundtarif",46,23.2,69.4
2008,100,"Kreis 10",1,"Verheiratetentarif",80.5,55.4,122.7
2008,100,"Kreis 10",2,"Einelternfamilientarif",45.15,26.15,67.05
2008,110,"Kreis 11",0,"Grundtarif",39.8,19.9,60.8
2008,110,"Kreis 11",1,"Verheiratetentarif",67.6,45,95.5
2008,110,"Kreis 11",2,"Einelternfamilientarif",37.1,17.9,56.6
2008,120,"Kreis 12",0,"Grundtarif",31.6,15.8,47.9
2008,120,"Kreis 12",1,"Verheiratetentarif",57.8,39,78.9
2008,120,"Kreis 12",2,"Einelternfamilientarif",29.6,12.05,44.45
2009,10,"Kreis 1",0,"Grundtarif",46.8,18.2,85.8
2009,10,"Kreis 1",1,"Verheiratetentarif",117.15,66.3,182.7
2009,10,"Kreis 1",2,"Einelternfamilientarif",54,33.2,92.85
2009,20,"Kreis 2",0,"Grundtarif",44.2,20.9,70.9
2009,20,"Kreis 2",1,"Verheiratetentarif",87.1,57.1,136.6
2009,20,"Kreis 2",2,"Einelternfamilientarif",44.9,25.2,68.5
2009,30,"Kreis 3",0,"Grundtarif",41.1,20.1,63.8
2009,30,"Kreis 3",1,"Verheiratetentarif",66.3,43.1,96.5
2009,30,"Kreis 3",2,"Einelternfamilientarif",38.7,20,59.5
2009,40,"Kreis 4",0,"Grundtarif",36.3,17.3,58.8
2009,40,"Kreis 4",1,"Verheiratetentarif",54.8,35,79.2
2009,40,"Kreis 4",2,"Einelternfamilientarif",31.9,12.3,50.8
2009,50,"Kreis 5",0,"Grundtarif",44.55,21.1,69.3
2009,50,"Kreis 5",1,"Verheiratetentarif",64.2,42.8,97.2
2009,50,"Kreis 5",2,"Einelternfamilientarif",43.6,21,66.5
2009,60,"Kreis 6",0,"Grundtarif",47.3,22.4,74.4
2009,60,"Kreis 6",1,"Verheiratetentarif",90.7,58.4,148.4
2009,60,"Kreis 6",2,"Einelternfamilientarif",48.2,29,77.6
2009,70,"Kreis 7",0,"Grundtarif",49.3,20.3,83
2009,70,"Kreis 7",1,"Verheiratetentarif",119.7,74.4,202.7
2009,70,"Kreis 7",2,"Einelternfamilientarif",64.9,37.3,104.2
2009,80,"Kreis 8",0,"Grundtarif",52.4,23.1,84.6
2009,80,"Kreis 8",1,"Verheiratetentarif",106.75,66,170.65
2009,80,"Kreis 8",2,"Einelternfamilientarif",55.1,30.3,92.2
2009,90,"Kreis 9",0,"Grundtarif",40.2,20.7,60
2009,90,"Kreis 9",1,"Verheiratetentarif",67.5,46.3,94
2009,90,"Kreis 9",2,"Einelternfamilientarif",38.6,20.5,58
2009,100,"Kreis 10",0,"Grundtarif",46.1,23.4,69.6
2009,100,"Kreis 10",1,"Verheiratetentarif",83.9,57.2,126.1
2009,100,"Kreis 10",2,"Einelternfamilientarif",48.45,28.1,71
2009,110,"Kreis 11",0,"Grundtarif",40,19.4,61.4
2009,110,"Kreis 11",1,"Verheiratetentarif",69.25,46.3,98.3
2009,110,"Kreis 11",2,"Einelternfamilientarif",38,18.6,58.9
2009,120,"Kreis 12",0,"Grundtarif",32,15.7,48.6
2009,120,"Kreis 12",1,"Verheiratetentarif",58.9,39.3,79.8
2009,120,"Kreis 12",2,"Einelternfamilientarif",29.8,11.4,45.7
2010,10,"Kreis 1",0,"Grundtarif",46.3,17.3,85.1
2010,10,"Kreis 1",1,"Verheiratetentarif",117.4,69.3,188.6
2010,10,"Kreis 1",2,"Einelternfamilientarif",55.35,29.8,96.6
2010,20,"Kreis 2",0,"Grundtarif",44.5,20.8,71.8
2010,20,"Kreis 2",1,"Verheiratetentarif",88.7,58,138.4
2010,20,"Kreis 2",2,"Einelternfamilientarif",44.4,25.2,69.9
2010,30,"Kreis 3",0,"Grundtarif",41,20,64.3
2010,30,"Kreis 3",1,"Verheiratetentarif",67,42.95,99.7
2010,30,"Kreis 3",2,"Einelternfamilientarif",39.95,21.2,60
2010,40,"Kreis 4",0,"Grundtarif",36.7,17.4,59.3
2010,40,"Kreis 4",1,"Verheiratetentarif",55.6,35,80.4
2010,40,"Kreis 4",2,"Einelternfamilientarif",32.6,12.8,53
2010,50,"Kreis 5",0,"Grundtarif",45.2,20.8,70
2010,50,"Kreis 5",1,"Verheiratetentarif",65.3,43.4,98.8
2010,50,"Kreis 5",2,"Einelternfamilientarif",44.5,21.8,68.6
2010,60,"Kreis 6",0,"Grundtarif",47.1,22.8,75.6
2010,60,"Kreis 6",1,"Verheiratetentarif",92.65,58.7,148.9
2010,60,"Kreis 6",2,"Einelternfamilientarif",50,29,78.3
2010,70,"Kreis 7",0,"Grundtarif",49,20,83.2
2010,70,"Kreis 7",1,"Verheiratetentarif",122.1,74.8,207.9
2010,70,"Kreis 7",2,"Einelternfamilientarif",65,38.3,107.3
2010,80,"Kreis 8",0,"Grundtarif",52.9,23.6,87
2010,80,"Kreis 8",1,"Verheiratetentarif",107.2,67.7,178.8
2010,80,"Kreis 8",2,"Einelternfamilientarif",57.35,34.3,88.5
2010,90,"Kreis 9",0,"Grundtarif",40.4,20.3,60.1
2010,90,"Kreis 9",1,"Verheiratetentarif",67.6,46.5,95
2010,90,"Kreis 9",2,"Einelternfamilientarif",38.95,19.9,60
2010,100,"Kreis 10",0,"Grundtarif",46.2,23.4,70
2010,100,"Kreis 10",1,"Verheiratetentarif",84.8,57.8,128.2
2010,100,"Kreis 10",2,"Einelternfamilientarif",48.1,28.6,73.7
2010,110,"Kreis 11",0,"Grundtarif",40.1,19.3,62
2010,110,"Kreis 11",1,"Verheiratetentarif",70.4,46.7,100.2
2010,110,"Kreis 11",2,"Einelternfamilientarif",37.9,20,58.6
2010,120,"Kreis 12",0,"Grundtarif",31.5,15.1,48.8
2010,120,"Kreis 12",1,"Verheiratetentarif",59.3,39.5,80.8
2010,120,"Kreis 12",2,"Einelternfamilientarif",30,10.5,45.2
2011,10,"Kreis 1",0,"Grundtarif",46.35,18,86.3
2011,10,"Kreis 1",1,"Verheiratetentarif",116.3,62.7,197.9
2011,10,"Kreis 1",2,"Einelternfamilientarif",58.15,29.35,102.75
2011,20,"Kreis 2",0,"Grundtarif",44.1,20.4,71.4
2011,20,"Kreis 2",1,"Verheiratetentarif",88.5,57.4,139.7
2011,20,"Kreis 2",2,"Einelternfamilientarif",45.6,26.1,71.5
2011,30,"Kreis 3",0,"Grundtarif",42.3,20.2,65.5
2011,30,"Kreis 3",1,"Verheiratetentarif",68.3,43,103.6
2011,30,"Kreis 3",2,"Einelternfamilientarif",39.1,20,58.95
2011,40,"Kreis 4",0,"Grundtarif",37.1,17.4,60
2011,40,"Kreis 4",1,"Verheiratetentarif",56.5,36.3,82.4
2011,40,"Kreis 4",2,"Einelternfamilientarif",31.7,9.25,51.8
2011,50,"Kreis 5",0,"Grundtarif",43.8,20,70.4
2011,50,"Kreis 5",1,"Verheiratetentarif",67.55,44.7,101.05
2011,50,"Kreis 5",2,"Einelternfamilientarif",45.15,22.4,70.1
2011,60,"Kreis 6",0,"Grundtarif",47.4,23,76.3
2011,60,"Kreis 6",1,"Verheiratetentarif",94,60.1,153.6
2011,60,"Kreis 6",2,"Einelternfamilientarif",53.15,30.3,83.8
2011,70,"Kreis 7",0,"Grundtarif",49.9,20.1,84.9
2011,70,"Kreis 7",1,"Verheiratetentarif",125.7,76.7,209.5
2011,70,"Kreis 7",2,"Einelternfamilientarif",67.75,38.5,104.6
2011,80,"Kreis 8",0,"Grundtarif",53.7,24.1,88.1
2011,80,"Kreis 8",1,"Verheiratetentarif",109.6,67.5,183.1
2011,80,"Kreis 8",2,"Einelternfamilientarif",57.4,35.2,89.6
2011,90,"Kreis 9",0,"Grundtarif",40.7,20.5,60.9
2011,90,"Kreis 9",1,"Verheiratetentarif",68.6,46.5,96.2
2011,90,"Kreis 9",2,"Einelternfamilientarif",39.55,20,61.85
2011,100,"Kreis 10",0,"Grundtarif",46.8,23.1,70.1
2011,100,"Kreis 10",1,"Verheiratetentarif",86.4,58.4,131.8
2011,100,"Kreis 10",2,"Einelternfamilientarif",49.5,29.6,73.4
2011,110,"Kreis 11",0,"Grundtarif",40.2,19.2,62.4
2011,110,"Kreis 11",1,"Verheiratetentarif",70.9,47,102.6
2011,110,"Kreis 11",2,"Einelternfamilientarif",37.8,19.9,59.4
2011,120,"Kreis 12",0,"Grundtarif",31.3,14.95,48.6
2011,120,"Kreis 12",1,"Verheiratetentarif",59.6,39.7,81.35
2011,120,"Kreis 12",2,"Einelternfamilientarif",30,11.7,46
2012,10,"Kreis 1",0,"Grundtarif",45.6,17,84.9
2012,10,"Kreis 1",1,"Verheiratetentarif",119,63,191.8
2012,10,"Kreis 1",2,"Einelternfamilientarif",66.4,35.85,105.85
2012,20,"Kreis 2",0,"Grundtarif",44,20,72.1
2012,20,"Kreis 2",1,"Verheiratetentarif",86.7,56.4,141
2012,20,"Kreis 2",2,"Einelternfamilientarif",43.65,24.1,70.45
2012,30,"Kreis 3",0,"Grundtarif",42.2,20,66.15
2012,30,"Kreis 3",1,"Verheiratetentarif",68.2,42.85,103.5
2012,30,"Kreis 3",2,"Einelternfamilientarif",39,21,59.9
2012,40,"Kreis 4",0,"Grundtarif",38.2,17.7,61.4
2012,40,"Kreis 4",1,"Verheiratetentarif",55.8,34.7,82.4
2012,40,"Kreis 4",2,"Einelternfamilientarif",30.5,9.9,52.9
2012,50,"Kreis 5",0,"Grundtarif",44.9,20.2,70.6
2012,50,"Kreis 5",1,"Verheiratetentarif",69.2,46,106.7
2012,50,"Kreis 5",2,"Einelternfamilientarif",45.5,22.6,72.6
2012,60,"Kreis 6",0,"Grundtarif",47.2,22,76.3
2012,60,"Kreis 6",1,"Verheiratetentarif",94.9,59.7,153.1
2012,60,"Kreis 6",2,"Einelternfamilientarif",51.8,30.1,83.6
2012,70,"Kreis 7",0,"Grundtarif",50,20.1,83.8
2012,70,"Kreis 7",1,"Verheiratetentarif",125.1,77.05,211.4
2012,70,"Kreis 7",2,"Einelternfamilientarif",66.1,38.6,107
2012,80,"Kreis 8",0,"Grundtarif",54.1,24,90.25
2012,80,"Kreis 8",1,"Verheiratetentarif",112.8,68.8,187.3
2012,80,"Kreis 8",2,"Einelternfamilientarif",59.2,35.8,94.9
2012,90,"Kreis 9",0,"Grundtarif",40.8,20.4,61.1
2012,90,"Kreis 9",1,"Verheiratetentarif",68.6,46,97
2012,90,"Kreis 9",2,"Einelternfamilientarif",39.4,20,60.85
2012,100,"Kreis 10",0,"Grundtarif",46.9,22.9,71.1
2012,100,"Kreis 10",1,"Verheiratetentarif",86.7,57.5,132.8
2012,100,"Kreis 10",2,"Einelternfamilientarif",48.6,29.2,75.4
2012,110,"Kreis 11",0,"Grundtarif",40.4,19.1,62.8
2012,110,"Kreis 11",1,"Verheiratetentarif",71,46.6,103.1
2012,110,"Kreis 11",2,"Einelternfamilientarif",37.9,19.1,58.2
2012,120,"Kreis 12",0,"Grundtarif",30.9,14.1,48.8
2012,120,"Kreis 12",1,"Verheiratetentarif",58.7,38.2,80.2
2012,120,"Kreis 12",2,"Einelternfamilientarif",28.4,7.7,44.7
2013,10,"Kreis 1",0,"Grundtarif",46.1,16.9,81.9
2013,10,"Kreis 1",1,"Verheiratetentarif",116.7,64.9,205.1
2013,10,"Kreis 1",2,"Einelternfamilientarif",62.2,29.7,99.25
2013,20,"Kreis 2",0,"Grundtarif",45,20.1,72.5
2013,20,"Kreis 2",1,"Verheiratetentarif",87.1,55.1,142.2
2013,20,"Kreis 2",2,"Einelternfamilientarif",43.9,21.5,72.2
2013,30,"Kreis 3",0,"Grundtarif",43.3,20.4,67.1
2013,30,"Kreis 3",1,"Verheiratetentarif",68.8,42.4,106.05
2013,30,"Kreis 3",2,"Einelternfamilientarif",39.65,19.8,60.75
2013,40,"Kreis 4",0,"Grundtarif",38.5,17.7,62.2
2013,40,"Kreis 4",1,"Verheiratetentarif",54.1,33.5,82.5
2013,40,"Kreis 4",2,"Einelternfamilientarif",32.4,13.4,54.5
2013,50,"Kreis 5",0,"Grundtarif",46.6,21.1,73.8
2013,50,"Kreis 5",1,"Verheiratetentarif",72.2,45.1,112.3
2013,50,"Kreis 5",2,"Einelternfamilientarif",45.5,24.2,75.7
2013,60,"Kreis 6",0,"Grundtarif",47.1,21.4,75.5
2013,60,"Kreis 6",1,"Verheiratetentarif",94.8,59.4,156.9
2013,60,"Kreis 6",2,"Einelternfamilientarif",50.2,29.3,78.7
2013,70,"Kreis 7",0,"Grundtarif",49.7,20,83.55
2013,70,"Kreis 7",1,"Verheiratetentarif",124.45,75.8,210.1
2013,70,"Kreis 7",2,"Einelternfamilientarif",65,36.1,110.6
2013,80,"Kreis 8",0,"Grundtarif",53.4,22.4,89.4
2013,80,"Kreis 8",1,"Verheiratetentarif",112.45,68.15,195.35
2013,80,"Kreis 8",2,"Einelternfamilientarif",58.5,36.3,94.9
2013,90,"Kreis 9",0,"Grundtarif",40.9,20.4,61
2013,90,"Kreis 9",1,"Verheiratetentarif",68.1,45.2,97.2
2013,90,"Kreis 9",2,"Einelternfamilientarif",36.3,19.7,58.3
2013,100,"Kreis 10",0,"Grundtarif",46.8,23,70.3
2013,100,"Kreis 10",1,"Verheiratetentarif",85.6,56.9,131.5
2013,100,"Kreis 10",2,"Einelternfamilientarif",48.7,26.6,74.5
2013,110,"Kreis 11",0,"Grundtarif",40.5,19,62.4
2013,110,"Kreis 11",1,"Verheiratetentarif",70.2,45.5,102.4
2013,110,"Kreis 11",2,"Einelternfamilientarif",36.2,16.8,59.4
2013,120,"Kreis 12",0,"Grundtarif",31.3,14.3,49.7
2013,120,"Kreis 12",1,"Verheiratetentarif",57.1,36.65,79.6
2013,120,"Kreis 12",2,"Einelternfamilientarif",27.85,6.55,43.55
